node,status
0,0
1,0
2,1
3,1
4,1
5,0
6,0
7,0
8,0
9,0
10,0
11,1
12,0
13,0
14,0
15,0
16,0
17,0
18,0
19,0
20,0
21,1
22,0
23,0
24,1
25,0
26,0
27,1
28,0
29,0
30,1
31,0
32,1
33,0
34,1
35,1
36,1
37,0
38,0
39,0
40,1
41,0
42,1
43,0
44,1
45,1
46,0
47,1
48,0
49,0
50,0
51,1
52,1
53,0
54,0
55,0
56,1
57,1
58,0
59,0
60,0
61,0
62,0
63,0
64,0
65,1
66,0
67,1
68,0
69,0
70,1
71,0
72,1
73,0
74,1
75,0
76,1
77,0
78,0
79,0
80,0
81,1
82,1
83,0
84,1
85,1
86,0
87,1
88,1
89,1
90,1
91,0
92,0
93,1
94,1
95,0
96,1
97,0
98,0
99,1
100,0
101,1
102,0
103,0
104,0
105,0
106,1
107,1
108,0
109,1
110,1
111,1
112,0
113,1
114,0
115,0
116,1
117,1
118,0
119,0
120,0
121,1
122,0
123,0
124,1
125,0
126,1
127,1
128,1
129,0
130,1
131,1
132,1
133,0
134,1
135,0
136,0
137,0
138,0
139,1
140,0
141,1
142,1
143,0
144,1
145,1
146,0
147,1
148,0
149,1
150,0
151,0
152,0
153,1
154,1
155,1
156,0
157,0
158,0
159,1
160,1
161,0
162,1
163,0
164,1
165,0
166,1
167,1
168,0
169,1
170,0
171,0
172,0
173,1
174,0
175,0
176,0
177,1
178,1
179,1
180,1
181,1
182,0
183,0
184,1
185,1
186,0
187,0
188,1
189,0
190,0
191,0
192,1
193,1
194,1
195,1
196,1
197,0
198,0
199,0
200,0
201,1
202,1
203,0
204,1
205,1
206,0
207,1
208,1
209,0
210,0
211,1
212,0
213,1
214,1
215,0
216,0
217,1
218,0
219,0
220,1
221,0
222,0
223,0
224,1
225,1
226,0
227,0
228,0
229,0
230,0
231,0
232,1
233,1
234,0
235,1
236,1
237,0
238,0
239,1
240,0
241,1
242,0
243,0
244,0
245,1
246,0
247,0
248,0
249,0
250,1
251,1
252,0
253,0
254,1
255,0
256,1
257,1
258,0
259,0
260,0
261,1
262,1
263,0
264,1
265,1
266,0
267,0
268,0
269,1
270,0
271,0
272,0
273,0
274,0
275,0
276,1
277,0
278,1
279,1
280,1
281,1
282,1
283,1
284,0
285,1
286,0
287,0
288,1
289,0
290,1
291,0
292,0
293,1
294,1
295,1
296,0
297,0
298,0
299,1
300,1
301,1
302,1
303,0
304,0
305,1
306,0
307,0
308,0
309,1
310,0
311,0
312,1
313,1
314,0
315,0
316,0
317,1
318,0
319,0
320,0
321,0
322,1
323,1
324,0
325,1
326,1
327,0
328,1
329,0
330,0
331,1
332,1
333,0
334,0
335,0
336,0
337,0
338,0
339,1
340,0
341,0
342,1
343,1
344,1
345,0
346,0
347,1
348,0
349,1
350,0
351,0
352,1
353,0
354,1
355,1
356,0
357,1
358,0
359,1
360,1
361,0
362,1
363,0
364,1
365,1
366,0
367,1
368,0
369,1
370,1
371,0
372,0
373,0
374,1
375,0
376,1
377,0
378,0
379,0
380,0
381,0
382,1
383,1
384,1
385,0
386,0
387,1
388,0
389,1
390,1
391,0
392,0
393,0
394,1
395,1
396,1
397,0
398,1
399,1
400,0
401,1
402,1
403,1
404,1
405,1
406,0
407,1
408,0
409,1
410,0
411,1
412,1
413,1
414,0
415,0
416,0
417,1
418,1
419,0
420,0
421,1
422,0
423,0
424,0
425,0
426,1
427,0
428,0
429,0
430,1
431,0
432,0
433,0
434,0
435,1
436,1
437,0
438,0
439,0
440,0
441,1
442,0
443,1
444,0
445,1
446,0
447,0
448,0
449,0
450,0
451,0
452,0
453,0
454,0
455,1
456,0
457,0
458,0
459,1
460,1
461,0
462,1
463,0
464,0
465,1
466,0
467,0
468,0
469,0
470,1
471,0
472,1
473,0
474,1
475,1
476,0
477,1
478,0
479,1
480,1
481,0
482,1
483,0
484,1
485,1
486,1
487,1
488,1
489,0
490,0
491,0
492,0
493,0
494,0
495,0
496,0
497,1
498,0
499,0
500,1
501,0
502,1
503,0
504,1
505,0
506,1
507,0
508,1
509,0
510,1
511,1
512,1
513,1
514,1
515,0
516,0
517,0
518,1
519,1
520,0
521,0
522,1
523,1
524,0
525,0
526,0
527,1
528,1
529,1
530,0
531,1
532,1
533,0
534,0
535,0
536,1
537,0
538,1
539,0
540,1
541,0
542,0
543,0
544,0
545,0
546,1
547,1
548,0
549,0
550,0
551,0
552,0
553,1
554,1
555,0
556,0
557,0
558,0
559,0
560,1
561,0
562,1
563,1
564,1
565,1
566,0
567,1
568,0
569,0
570,1
571,0
572,1
573,1
574,0
575,1
576,1
577,0
578,0
579,0
580,1
581,1
582,1
583,1
584,0
585,0
586,0
587,1
588,0
589,1
590,0
591,1
592,0
593,0
594,1
595,0
596,0
597,0
598,0
599,0
600,0
601,0
602,0
603,1
604,1
605,0
606,0
607,1
608,1
609,0
610,0
611,1
612,1
613,0
614,0
615,0
616,1
617,1
618,1
619,1
620,0
621,1
622,0
623,0
624,0
625,0
626,1
627,1
628,0
629,1
630,1
631,1
632,0
633,1
634,0
635,0
636,0
637,0
638,0
639,1
640,0
641,0
642,1
643,1
644,0
645,1
646,0
647,1
648,0
649,1
650,1
651,0
652,1
653,0
654,1
655,0
656,0
657,1
658,0
659,1
660,0
661,1
662,1
663,1
664,0
665,0
666,1
667,1
668,1
669,1
670,0
671,0
672,1
673,1
674,1
675,1
676,0
677,0
678,1
679,0
680,1
681,1
682,0
683,1
684,1
685,1
686,0
687,1
688,0
689,1
690,0
691,1
692,1
693,0
694,0
695,1
696,1
697,0
698,0
699,1
700,0
701,0
702,0
703,0
704,1
705,0
706,1
707,0
708,1
709,0
710,0
711,1
712,1
713,0
714,0
715,0
716,1
717,0
718,1
719,0
720,0
721,1
722,0
723,1
724,0
725,0
726,0
727,1
728,1
729,0
730,1
731,0
732,0
733,0
734,1
735,0
736,0
737,1
738,0
739,0
740,1
741,1
742,0
743,1
744,1
745,1
746,1
747,1
748,1
749,0
750,1
751,0
752,1
753,0
754,0
755,1
756,1
757,0
758,0
759,0
760,1
761,0
762,0
763,0
764,1
765,1
766,0
767,0
768,0
769,0
770,1
771,0
772,0
773,0
774,1
775,0
776,1
777,0
778,1
779,1
780,1
781,0
782,0
783,1
784,0
785,0
786,1
787,0
788,0
789,1
790,1
791,1
792,1
793,1
794,0
795,0
796,0
797,0
798,1
799,1
800,0
801,1
802,1
803,0
804,0
805,0
806,0
807,1
808,0
809,0
810,1
811,0
812,1
813,0
814,1
815,1
816,0
817,0
818,0
819,1
820,0
821,1
822,1
823,0
824,1
825,0
826,0
827,1
828,0
829,0
830,1
831,1
832,1
833,0
834,0
835,1
836,0
837,0
838,0
839,0
840,0
841,1
842,1
843,0
844,1
845,0
846,1
847,1
848,1
849,1
850,0
851,0
852,0
853,1
854,1
855,0
856,0
857,0
858,1
859,0
860,0
861,0
862,0
863,0
864,0
865,0
866,1
867,0
868,1
869,1
870,1
871,0
872,0
873,0
874,0
875,0
876,1
877,0
878,0
879,0
880,0
881,0
882,0
883,1
884,0
885,0
886,0
887,0
888,1
889,1
890,0
891,1
892,0
893,1
894,1
895,0
896,0
897,1
898,1
899,1
900,0
901,0
902,0
903,0
904,0
905,0
906,0
907,0
908,1
909,1
910,1
911,1
912,1
913,0
914,1
915,0
916,0
917,0
918,0
919,1
920,0
921,1
922,1
923,0
924,0
925,0
926,0
927,1
928,1
929,0
930,0
931,1
932,1
933,1
934,1
935,1
936,0
937,0
938,0
939,1
940,1
941,1
942,1
943,1
944,0
945,1
946,1
947,0
948,0
949,0
950,1
951,0
952,0
953,1
954,0
955,1
956,1
957,1
958,1
959,0
960,1
961,0
962,0
963,0
964,0
965,0
966,0
967,0
968,1
969,0
970,0
971,0
972,1
973,0
974,1
975,1
976,0
977,1
978,0
979,0
980,1
981,1
982,1
983,1
984,0
985,0
986,1
987,1
988,0
989,1
990,1
991,1
992,0
993,0
994,1
995,0
996,0
997,0
998,0
999,0
1000,0
1001,0
1002,1
1003,1
1004,0
1005,0
1006,0
1007,0
1008,0
1009,0
1010,1
1011,1
1012,0
1013,0
1014,1
1015,0
1016,0
1017,1
1018,0
1019,0
1020,1
1021,0
1022,1
1023,0
1024,0
1025,1
1026,1
1027,1
1028,1
1029,0
1030,1
1031,0
1032,1
1033,1
1034,0
1035,0
1036,0
1037,0
1038,0
1039,1
1040,1
1041,0
1042,0
1043,1
1044,1
1045,1
1046,0
1047,0
1048,1
1049,1
1050,1
1051,0
1052,0
1053,1
1054,1
1055,1
1056,0
1057,0
1058,1
1059,0
1060,0
1061,1
1062,0
1063,0
1064,1
1065,0
1066,0
1067,1
1068,0
1069,1
1070,1
1071,1
1072,1
1073,1
1074,0
1075,1
1076,0
1077,0
1078,1
1079,1
1080,0
1081,0
1082,1
1083,0
1084,1
1085,0
1086,0
1087,0
1088,0
1089,0
1090,0
1091,1
1092,0
1093,0
1094,1
1095,1
1096,1
1097,0
1098,0
1099,1
1100,0
1101,0
1102,1
1103,0
1104,1
1105,0
1106,1
1107,0
1108,1
1109,0
1110,1
1111,1
1112,0
1113,0
1114,1
1115,1
1116,1
1117,0
1118,0
1119,0
1120,1
1121,0
1122,0
1123,1
1124,0
1125,0
1126,1
1127,0
1128,0
1129,1
1130,1
1131,0
1132,1
1133,0
1134,1
1135,1
1136,1
1137,0
1138,0
1139,0
1140,0
1141,0
1142,0
1143,1
1144,1
1145,1
1146,0
1147,1
1148,0
1149,0
1150,1
1151,0
1152,0
1153,1
1154,0
1155,0
1156,0
1157,0
1158,0
1159,1
1160,0
1161,0
1162,0
1163,1
1164,0
1165,1
1166,0
1167,1
1168,0
1169,0
1170,1
1171,0
1172,1
1173,1
1174,0
1175,0
1176,0
1177,0
1178,0
1179,1
1180,0
1181,0
1182,0
1183,0
1184,1
1185,0
1186,0
1187,1
1188,1
1189,0
1190,0
1191,0
1192,1
1193,0
1194,0
1195,0
1196,0
1197,0
1198,0
1199,0
1200,0
1201,1
1202,1
1203,0
1204,0
1205,0
1206,0
1207,0
1208,1
1209,0
1210,0
1211,0
1212,0
1213,0
1214,1
1215,0
1216,0
1217,0
1218,1
1219,0
1220,0
1221,0
1222,0
1223,0
1224,1
1225,0
1226,0
1227,1
1228,1
1229,1
1230,0
1231,1
1232,0
1233,1
1234,0
1235,0
1236,0
1237,1
1238,0
1239,0
1240,0
1241,0
1242,1
1243,0
1244,0
1245,0
1246,1
1247,1
1248,0
1249,1
1250,1
1251,0
1252,0
1253,1
1254,0
1255,0
1256,1
1257,0
1258,0
1259,0
1260,0
1261,1
1262,0
1263,0
1264,0
1265,0
1266,0
1267,0
1268,1
1269,0
1270,0
1271,0
1272,0
1273,0
1274,1
1275,1
1276,1
1277,1
1278,0
1279,1
1280,0
1281,0
1282,0
1283,1
1284,1
1285,1
1286,0
1287,1
1288,0
1289,0
1290,0
1291,1
1292,0
1293,1
1294,0
1295,0
1296,1
1297,0
1298,0
1299,0
1300,1
1301,0
1302,1
1303,0
1304,1
1305,0
1306,1
1307,0
1308,0
1309,0
1310,0
1311,0
1312,1
1313,0
1314,0
1315,1
1316,1
1317,0
1318,1
1319,0
1320,1
1321,0
1322,1
1323,0
1324,1
1325,1
1326,0
1327,0
1328,0
1329,0
1330,0
1331,0
1332,1
1333,0
1334,1
1335,1
1336,1
1337,0
1338,1
1339,1
1340,0
1341,1
1342,0
1343,0
1344,1
1345,1
1346,0
1347,1
1348,1
1349,0
1350,0
1351,1
1352,0
1353,0
1354,1
1355,1
1356,0
1357,1
1358,1
1359,0
1360,0
1361,0
1362,0
1363,0
1364,1
1365,0
1366,0
1367,0
1368,0
1369,1
1370,1
1371,0
1372,0
1373,0
1374,1
1375,1
1376,0
1377,0
1378,0
1379,0
1380,0
1381,0
1382,0
1383,1
1384,1
1385,1
1386,0
1387,0
1388,1
1389,0
1390,1
1391,0
1392,1
1393,1
1394,0
1395,0
1396,1
1397,0
1398,0
1399,1
1400,0
1401,0
1402,1
1403,1
1404,0
1405,1
1406,1
1407,1
1408,1
1409,0
1410,1
1411,1
1412,1
1413,0
1414,0
1415,0
1416,1
1417,0
1418,1
1419,0
1420,0
1421,1
1422,0
1423,0
1424,1
1425,0
1426,0
1427,0
1428,0
1429,0
1430,0
1431,1
1432,0
1433,1
1434,0
1435,1
1436,1
1437,1
1438,0
1439,0
1440,0
1441,0
1442,0
1443,1
1444,0
1445,1
1446,0
1447,0
1448,0
1449,0
1450,0
1451,1
1452,1
1453,0
1454,1
1455,1
1456,0
1457,0
1458,1
1459,0
1460,1
1461,0
1462,0
1463,1
1464,0
1465,0
1466,0
1467,0
1468,1
1469,1
1470,1
1471,1
1472,0
1473,0
1474,1
1475,1
1476,0
1477,0
1478,0
1479,0
1480,0
1481,0
1482,1
1483,0
1484,1
1485,0
1486,1
1487,0
1488,1
1489,0
1490,1
1491,0
1492,1
1493,0
1494,0
1495,1
1496,0
1497,0
1498,1
1499,0
1500,1
1501,1
1502,0
1503,1
1504,1
1505,0
1506,1
1507,1
1508,0
1509,0
1510,0
1511,1
1512,0
1513,0
1514,0
1515,1
1516,1
1517,0
1518,1
1519,0
1520,1
1521,0
1522,1
1523,1
1524,1
1525,0
1526,1
1527,1
1528,0
1529,0
1530,0
1531,1
1532,0
1533,0
1534,0
1535,0
1536,0
1537,0
1538,0
1539,0
1540,1
1541,0
1542,1
1543,0
1544,1
1545,1
1546,0
1547,1
1548,0
1549,0
1550,0
1551,0
1552,0
1553,1
1554,0
1555,0
1556,0
1557,0
1558,0
1559,0
1560,1
1561,1
1562,0
1563,1
1564,1
1565,1
1566,1
1567,1
1568,0
1569,0
1570,0
1571,0
1572,0
1573,1
1574,0
1575,1
1576,0
1577,1
1578,1
1579,1
1580,1
1581,1
1582,1
1583,1
1584,1
1585,0
1586,0
1587,1
1588,0
1589,0
1590,1
1591,0
1592,0
1593,1
1594,1
1595,1
1596,1
1597,0
1598,1
1599,0
1600,0
1601,1
1602,0
1603,0
1604,0
1605,1
1606,0
1607,1
1608,1
1609,0
1610,1
1611,1
1612,1
1613,1
1614,1
1615,1
1616,0
1617,0
1618,1
1619,1
1620,1
1621,1
1622,0
1623,0
1624,1
1625,1
1626,1
1627,0
1628,0
1629,1
1630,0
1631,1
1632,1
1633,0
1634,1
1635,0
1636,0
1637,0
1638,1
1639,0
1640,0
1641,0
1642,1
1643,0
1644,0
1645,1
1646,1
1647,1
1648,0
1649,0
1650,0
1651,0
1652,1
1653,0
1654,1
1655,0
1656,1
1657,0
1658,0
1659,0
1660,1
1661,0
1662,0
1663,1
1664,1
1665,1
1666,0
1667,1
1668,1
1669,0
1670,0
1671,0
1672,0
1673,0
1674,1
1675,0
1676,1
1677,0
1678,1
1679,0
1680,1
1681,0
1682,0
1683,1
1684,1
1685,0
1686,0
1687,1
1688,1
1689,0
1690,1
1691,1
1692,0
1693,0
1694,0
1695,0
1696,1
1697,0
1698,1
1699,1
1700,0
1701,0
1702,1
1703,1
1704,0
1705,1
1706,1
1707,0
1708,0
1709,1
1710,1
1711,0
1712,0
1713,0
1714,0
1715,1
1716,1
1717,1
1718,0
1719,0
1720,0
1721,0
1722,0
1723,0
1724,1
1725,0
1726,0
1727,1
1728,1
1729,0
1730,1
1731,0
1732,1
1733,0
1734,1
1735,1
1736,0
1737,0
1738,0
1739,0
1740,0
1741,0
1742,0
1743,0
1744,0
1745,0
1746,1
1747,0
1748,0
1749,0
1750,0
1751,0
1752,1
1753,0
1754,1
1755,1
1756,0
1757,1
1758,1
1759,1
1760,1
1761,1
1762,0
1763,1
1764,1
1765,1
1766,1
1767,1
1768,1
1769,0
1770,0
1771,1
1772,0
1773,0
1774,0
1775,1
1776,0
1777,0
1778,0
1779,0
1780,0
1781,1
1782,1
1783,1
1784,0
1785,1
1786,0
1787,1
1788,1
1789,0
1790,1
1791,1
1792,1
1793,0
1794,0
1795,0
1796,0
1797,0
1798,0
1799,0
1800,0
1801,1
1802,0
1803,0
1804,1
1805,0
1806,0
1807,1
1808,1
1809,1
1810,0
1811,0
1812,0
1813,0
1814,1
1815,0
1816,0
1817,1
1818,0
1819,0
1820,1
1821,1
1822,1
1823,0
1824,0
1825,1
1826,1
1827,1
1828,1
1829,1
1830,0
1831,1
1832,1
1833,1
1834,0
1835,1
1836,0
1837,1
1838,0
1839,1
1840,0
1841,0
1842,0
1843,0
1844,0
1845,1
1846,0
1847,0
1848,0
1849,1
1850,1
1851,1
1852,1
1853,0
1854,0
1855,0
1856,0
1857,0
1858,1
1859,0
1860,0
1861,1
1862,1
1863,1
1864,0
1865,0
1866,1
1867,0
1868,1
1869,0
1870,0
1871,1
1872,0
1873,0
1874,1
1875,0
1876,1
1877,0
1878,1
1879,1
1880,1
1881,0
1882,1
1883,0
1884,0
1885,0
1886,1
1887,1
1888,0
1889,1
1890,1
1891,0
1892,1
1893,0
1894,1
1895,1
1896,1
1897,1
1898,1
1899,1
1900,1
1901,1
1902,1
1903,0
1904,1
1905,1
1906,0
1907,0
1908,1
1909,1
1910,0
1911,0
1912,1
1913,0
1914,0
1915,0
1916,1
1917,0
1918,0
1919,0
1920,0
1921,1
1922,0
1923,0
1924,0
1925,1
1926,1
1927,0
1928,1
1929,0
1930,1
1931,1
1932,0
1933,0
1934,1
1935,0
1936,0
1937,0
1938,0
1939,0
1940,0
1941,1
1942,0
1943,0
1944,0
1945,0
1946,0
1947,0
1948,1
1949,1
1950,0
1951,0
1952,1
1953,0
1954,1
1955,0
1956,1
1957,0
1958,0
1959,0
1960,0
1961,0
1962,0
1963,0
1964,1
1965,0
1966,0
1967,0
1968,0
1969,1
1970,0
1971,1
1972,1
1973,0
1974,1
1975,0
1976,0
1977,0
1978,0
1979,0
1980,1
1981,0
1982,0
1983,1
1984,0
1985,0
1986,1
1987,0
1988,1
1989,0
1990,0
1991,0
1992,0
1993,1
1994,1
1995,0
1996,1
1997,1
1998,0
1999,0
2000,0
2001,0
2002,0
2003,1
2004,0
2005,0
2006,0
2007,1
2008,0
2009,0
2010,1
2011,1
2012,0
2013,0
2014,0
2015,0
2016,0
2017,0
2018,0
2019,1
2020,0
2021,0
2022,0
2023,0
2024,1
2025,1
2026,1
2027,0
2028,0
2029,0
2030,1
2031,1
2032,0
2033,0
2034,1
2035,1
2036,1
2037,1
2038,0
2039,0
2040,0
2041,1
2042,0
2043,0
2044,1
2045,0
2046,0
2047,1
2048,1
2049,1
2050,0
2051,1
2052,0
2053,1
2054,0
2055,0
2056,1
2057,1
2058,1
2059,1
2060,1
2061,0
2062,0
2063,0
2064,1
2065,0
2066,0
2067,1
2068,1
2069,1
2070,0
2071,1
2072,0
2073,0
2074,0
2075,1
2076,0
2077,0
2078,1
2079,0
2080,1
2081,1
2082,0
2083,1
2084,0
2085,1
2086,0
2087,0
2088,0
2089,0
2090,0
2091,0
2092,1
2093,0
2094,0
2095,0
2096,1
2097,0
2098,0
2099,1
2100,0
2101,0
2102,0
2103,0
2104,1
2105,0
2106,1
2107,0
2108,1
2109,1
2110,0
2111,0
2112,0
2113,1
2114,1
2115,0
2116,1
2117,1
2118,1
2119,0
2120,1
2121,1
2122,0
2123,0
2124,0
2125,1
2126,1
2127,0
2128,0
2129,0
2130,1
2131,0
2132,1
2133,0
2134,0
2135,1
2136,1
2137,0
2138,0
2139,0
2140,1
2141,0
2142,1
2143,1
2144,0
2145,1
2146,0
2147,0
2148,1
2149,0
2150,0
2151,1
2152,1
2153,1
2154,1
2155,0
2156,1
2157,0
2158,0
2159,1
2160,0
2161,1
2162,0
2163,0
2164,1
2165,0
2166,1
2167,0
2168,1
2169,0
2170,1
2171,1
2172,1
2173,0
2174,0
2175,1
2176,1
2177,1
2178,0
2179,1
2180,1
2181,0
2182,0
2183,1
2184,0
2185,0
2186,0
2187,1
2188,0
2189,0
2190,0
2191,0
2192,0
2193,1
2194,0
2195,1
2196,1
2197,1
2198,0
2199,0
2200,0
2201,1
2202,0
2203,0
2204,0
2205,0
2206,1
2207,0
2208,1
2209,1
2210,1
2211,0
2212,1
2213,1
2214,0
2215,0
2216,0
2217,0
2218,1
2219,1
2220,0
2221,1
2222,0
2223,0
2224,1
2225,1
2226,0
2227,0
2228,0
2229,1
2230,1
2231,1
2232,0
2233,0
2234,1
2235,1
2236,0
2237,1
2238,0
2239,0
2240,1
2241,0
2242,0
2243,1
2244,1
2245,0
2246,0
2247,0
2248,0
2249,0
2250,0
2251,1
2252,0
2253,1
2254,1
2255,0
2256,0
2257,1
2258,0
2259,1
2260,0
2261,0
2262,1
2263,1
2264,0
2265,1
2266,0
2267,0
2268,1
2269,1
2270,1
2271,0
2272,0
2273,1
2274,0
2275,1
2276,0
2277,0
2278,1
2279,1
2280,0
2281,1
2282,1
2283,1
2284,1
2285,1
2286,0
2287,1
2288,0
2289,1
2290,1
2291,0
2292,1
2293,1
2294,1
2295,0
2296,0
2297,0
2298,1
2299,1
2300,0
2301,1
2302,1
2303,1
2304,1
2305,0
2306,1
2307,0
2308,0
2309,0
2310,1
2311,0
2312,0
2313,0
2314,0
2315,1
2316,1
2317,0
2318,1
2319,1
2320,1
2321,0
2322,1
2323,0
2324,1
2325,0
2326,1
2327,0
2328,0
2329,0
2330,0
2331,0
2332,1
2333,1
2334,0
2335,1
2336,0
2337,0
2338,0
2339,0
2340,1
2341,0
2342,1
2343,0
2344,0
2345,0
2346,0
2347,1
2348,0
2349,1
2350,0
2351,0
2352,0
2353,1
2354,0
2355,0
2356,1
2357,0
2358,0
2359,0
2360,1
2361,1
2362,0
2363,1
2364,0
2365,1
2366,1
2367,0
2368,0
2369,0
2370,0
2371,1
2372,0
2373,1
2374,0
2375,1
2376,0
2377,1
2378,0
2379,0
2380,0
2381,1
2382,0
2383,0
2384,0
2385,1
2386,1
2387,0
2388,1
2389,0
2390,0
2391,0
2392,0
2393,0
2394,1
2395,1
2396,0
2397,0
2398,1
2399,1
2400,0
2401,0
2402,0
2403,0
2404,0
2405,1
2406,0
2407,0
2408,1
2409,0
2410,1
2411,0
2412,1
2413,1
2414,0
2415,1
2416,1
2417,1
2418,0
2419,1
2420,0
2421,0
2422,1
2423,1
2424,0
2425,1
2426,1
2427,1
2428,1
2429,1
2430,0
2431,1
2432,0
2433,0
2434,1
2435,1
2436,1
2437,1
2438,1
2439,0
2440,1
2441,0
2442,0
2443,1
2444,0
2445,0
2446,1
2447,1
2448,0
2449,1
2450,0
2451,0
2452,1
2453,0
2454,1
2455,1
2456,0
2457,1
2458,1
2459,0
2460,1
2461,0
2462,1
2463,0
2464,0
2465,0
2466,1
2467,1
2468,1
2469,1
2470,0
2471,0
2472,0
2473,1
2474,1
2475,1
2476,1
2477,0
2478,0
2479,0
2480,0
2481,0
2482,0
2483,0
2484,1
2485,1
2486,0
2487,0
2488,0
2489,0
2490,0
2491,0
2492,1
2493,1
2494,0
2495,0
2496,0
2497,1
2498,1
2499,1
2500,0
2501,1
2502,0
2503,1
2504,1
2505,1
2506,0
2507,1
2508,0
2509,1
2510,1
2511,1
2512,1
2513,1
2514,0
2515,0
2516,1
2517,0
2518,0
2519,1
2520,1
2521,0
2522,0
2523,1
2524,0
2525,0
2526,0
2527,0
2528,0
2529,0
2530,0
2531,0
2532,1
2533,1
2534,0
2535,1
2536,1
2537,0
2538,0
2539,0
2540,0
2541,0
2542,0
2543,0
2544,1
2545,1
2546,1
2547,1
2548,0
2549,0
2550,1
2551,0
2552,1
2553,0
2554,1
2555,1
2556,1
2557,0
2558,1
2559,0
2560,1
2561,0
2562,0
2563,0
2564,1
2565,1
2566,0
2567,0
2568,1
2569,0
2570,0
2571,0
2572,0
2573,0
2574,0
2575,0
2576,1
2577,0
2578,1
2579,0
2580,0
2581,1
2582,1
2583,1
2584,1
2585,0
2586,1
2587,1
2588,0
2589,1
2590,0
2591,1
2592,1
2593,1
2594,0
2595,1
2596,0
2597,0
2598,0
2599,1
2600,1
2601,1
2602,1
2603,0
2604,1
2605,0
2606,1
2607,0
2608,0
2609,0
2610,0
2611,0
2612,1
2613,0
2614,1
2615,0
2616,1
2617,0
2618,1
2619,1
2620,1
2621,1
2622,0
2623,0
2624,1
2625,1
2626,0
2627,0
2628,0
2629,0
2630,0
2631,0
2632,1
2633,1
2634,0
2635,0
2636,1
2637,0
2638,0
2639,1
2640,1
2641,0
2642,1
2643,1
2644,1
2645,0
2646,1
2647,1
2648,0
2649,1
2650,0
2651,0
2652,1
2653,1
2654,0
2655,1
2656,1
2657,0
2658,0
2659,0
2660,0
2661,0
2662,1
2663,1
2664,0
2665,1
2666,1
2667,0
2668,1
2669,1
2670,0
2671,1
2672,1
2673,1
2674,0
2675,1
2676,0
2677,0
2678,0
2679,0
2680,0
2681,1
2682,0
2683,1
2684,1
2685,0
2686,1
2687,1
2688,0
2689,0
2690,1
2691,1
2692,1
2693,1
2694,1
2695,1
2696,0
2697,1
2698,1
2699,0
2700,1
2701,0
2702,0
2703,0
2704,0
2705,0
2706,0
2707,0
2708,1
2709,0
2710,0
2711,1
2712,1
2713,1
2714,0
2715,0
2716,1
2717,1
2718,0
2719,1
2720,1
2721,0
2722,1
2723,1
2724,0
2725,0
2726,1
2727,1
2728,0
2729,1
2730,0
2731,0
2732,1
2733,1
2734,0
2735,1
2736,1
2737,1
2738,1
2739,0
2740,0
2741,0
2742,0
2743,1
2744,0
2745,1
2746,1
2747,1
2748,0
2749,1
2750,0
2751,0
2752,1
2753,1
2754,1
2755,1
2756,0
2757,0
2758,1
2759,1
2760,1
2761,0
2762,0
2763,1
2764,1
2765,0
2766,1
2767,0
2768,1
2769,1
2770,0
2771,0
2772,0
2773,1
2774,0
2775,0
2776,1
2777,1
2778,0
2779,1
2780,1
2781,0
2782,1
2783,0
2784,0
2785,1
2786,1
2787,1
2788,0
2789,1
2790,0
2791,1
2792,0
2793,1
2794,1
2795,1
2796,0
2797,1
2798,1
2799,0
2800,1
2801,0
2802,0
2803,0
2804,1
2805,1
2806,1
2807,0
2808,0
2809,1
2810,0
2811,0
2812,0
2813,1
2814,0
2815,1
2816,1
2817,0
2818,0
2819,0
2820,1
2821,1
2822,0
2823,1
2824,0
2825,0
2826,1
2827,1
2828,0
2829,0
2830,0
2831,1
2832,0
2833,0
2834,0
2835,1
2836,1
2837,1
2838,0
2839,1
2840,1
2841,1
2842,0
2843,1
2844,1
2845,1
2846,0
2847,1
2848,1
2849,0
2850,1
2851,1
2852,1
2853,1
2854,0
2855,0
2856,0
2857,1
2858,1
2859,0
2860,1
2861,1
2862,1
2863,0
2864,1
2865,0
2866,0
2867,0
2868,1
2869,0
2870,0
2871,1
2872,1
2873,0
2874,1
2875,1
2876,1
2877,0
2878,1
2879,0
2880,1
2881,1
2882,1
2883,1
2884,0
2885,0
2886,1
2887,0
2888,0
2889,1
2890,0
2891,1
2892,1
2893,1
2894,1
2895,0
2896,1
2897,1
2898,0
2899,0
2900,0
2901,1
2902,0
2903,0
2904,1
2905,0
2906,1
2907,1
2908,1
2909,1
2910,1
2911,0
2912,1
2913,0
2914,1
2915,1
2916,1
2917,0
2918,0
2919,1
2920,0
2921,0
2922,0
2923,0
2924,0
2925,1
2926,0
2927,1
2928,0
2929,1
2930,1
2931,1
2932,0
2933,1
2934,1
2935,1
2936,0
2937,1
2938,1
2939,0
2940,1
2941,1
2942,0
2943,0
2944,1
2945,0
2946,1
2947,0
2948,1
2949,0
2950,0
2951,0
2952,0
2953,1
2954,0
2955,0
2956,1
2957,1
2958,1
2959,1
2960,1
2961,0
2962,0
2963,1
2964,0
2965,1
2966,0
2967,1
2968,1
2969,0
2970,1
2971,1
2972,0
2973,0
2974,0
2975,0
2976,1
2977,1
2978,0
2979,0
2980,1
2981,0
2982,1
2983,1
2984,1
2985,1
2986,0
2987,0
2988,0
2989,1
2990,0
2991,1
2992,0
2993,0
2994,1
2995,1
2996,1
2997,0
2998,1
2999,0
3000,0
3001,0
3002,0
3003,0
3004,1
3005,0
3006,0
3007,0
3008,0
3009,0
3010,1
3011,1
3012,0
3013,0
3014,1
3015,0
3016,0
3017,0
3018,0
3019,1
3020,1
3021,1
3022,0
3023,1
3024,0
3025,1
3026,1
3027,0
3028,0
3029,0
3030,0
3031,0
3032,1
3033,1
3034,1
3035,0
3036,1
3037,1
3038,0
3039,0
3040,1
3041,1
3042,0
3043,0
3044,1
3045,0
3046,1
3047,1
3048,0
3049,0
3050,1
3051,0
3052,1
3053,0
3054,1
3055,1
3056,0
3057,0
3058,1
3059,0
3060,0
3061,1
3062,0
3063,1
3064,0
3065,0
3066,0
3067,0
3068,0
3069,0
3070,0
3071,1
3072,1
3073,1
3074,0
3075,0
3076,0
3077,0
3078,0
3079,0
3080,1
3081,0
3082,0
3083,0
3084,1
3085,1
3086,0
3087,0
3088,1
3089,1
3090,1
3091,0
3092,1
3093,1
3094,1
3095,1
3096,1
3097,0
3098,0
3099,0
3100,1
3101,0
3102,0
3103,0
3104,0
3105,1
3106,1
3107,0
3108,0
3109,0
3110,1
3111,0
3112,0
3113,0
3114,1
3115,1
3116,0
3117,1
3118,1
3119,0
3120,1
3121,0
3122,1
3123,0
3124,1
3125,1
3126,1
3127,1
3128,0
3129,0
3130,0
3131,1
3132,1
3133,1
3134,1
3135,0
3136,1
3137,0
3138,1
3139,1
3140,1
3141,0
3142,0
3143,1
3144,1
3145,0
3146,1
3147,0
3148,1
3149,1
3150,0
3151,1
3152,1
3153,0
3154,1
3155,0
3156,0
3157,1
3158,0
3159,0
3160,0
3161,0
3162,0
3163,1
3164,0
3165,0
3166,1
3167,0
3168,1
3169,1
3170,1
3171,0
3172,1
3173,1
3174,1
3175,0
3176,0
3177,1
3178,1
3179,1
3180,1
3181,1
3182,1
3183,0
3184,0
3185,1
3186,0
3187,1
3188,0
3189,1
3190,0
3191,0
3192,1
3193,1
3194,0
3195,1
3196,1
3197,1
3198,1
3199,0
3200,0
3201,1
3202,0
3203,0
3204,0
3205,0
3206,1
3207,1
3208,1
3209,1
3210,1
3211,0
3212,0
3213,0
3214,1
3215,1
3216,0
3217,0
3218,1
3219,0
3220,0
3221,1
3222,1
3223,1
3224,1
3225,1
3226,1
3227,1
3228,0
3229,1
3230,0
3231,0
3232,0
3233,0
3234,1
3235,0
3236,1
3237,0
3238,0
3239,1
3240,0
3241,1
3242,0
3243,1
3244,1
3245,0
3246,0
3247,0
3248,1
3249,0
3250,1
3251,1
3252,1
3253,1
3254,0
3255,1
3256,1
3257,0
3258,1
3259,0
3260,0
3261,1
3262,0
3263,0
3264,1
3265,1
3266,0
3267,0
3268,0
3269,1
3270,1
3271,1
3272,0
3273,0
3274,0
3275,0
3276,0
3277,1
3278,1
3279,1
3280,0
3281,1
3282,0
3283,1
3284,0
3285,0
3286,0
3287,1
3288,1
3289,1
3290,1
3291,0
3292,0
3293,1
3294,0
3295,0
3296,0
3297,1
3298,1
3299,0
3300,1
3301,0
3302,0
3303,0
3304,1
3305,0
3306,0
3307,0
3308,1
3309,0
3310,0
3311,1
3312,0
3313,0
3314,0
3315,0
3316,1
3317,1
3318,1
3319,0
3320,0
3321,1
3322,0
3323,1
3324,0
3325,1
3326,1
3327,0
3328,0
3329,0
3330,0
3331,1
3332,0
3333,1
3334,0
3335,1
3336,1
3337,0
3338,1
3339,0
3340,1
3341,1
3342,0
3343,1
3344,0
3345,1
3346,0
3347,0
3348,1
3349,0
3350,1
3351,0
3352,1
3353,0
3354,0
3355,0
3356,0
3357,0
3358,1
3359,0
3360,1
3361,0
3362,0
3363,1
3364,0
3365,0
3366,0
3367,0
3368,1
3369,1
3370,0
3371,0
3372,1
3373,0
3374,0
3375,0
3376,1
3377,0
3378,1
3379,0
3380,1
3381,1
3382,1
3383,0
3384,1
3385,0
3386,0
3387,0
3388,0
3389,0
3390,1
3391,0
3392,0
3393,0
3394,1
3395,1
3396,0
3397,1
3398,1
3399,0
3400,0
3401,1
3402,1
3403,0
3404,1
3405,0
3406,1
3407,0
3408,0
3409,0
3410,1
3411,0
3412,0
3413,1
3414,1
3415,1
3416,1
3417,0
3418,0
3419,0
3420,0
3421,0
3422,1
3423,1
3424,1
3425,0
3426,0
3427,1
3428,0
3429,0
3430,1
3431,1
3432,0
3433,1
3434,0
3435,0
3436,0
3437,0
3438,0
3439,1
3440,1
3441,0
3442,0
3443,0
3444,0
3445,1
3446,0
3447,1
3448,0
3449,0
3450,1
3451,1
3452,1
3453,0
3454,1
3455,1
3456,1
3457,1
3458,1
3459,0
3460,1
3461,0
3462,0
3463,1
3464,1
3465,1
3466,1
3467,1
3468,0
3469,0
3470,1
3471,1
3472,0
3473,1
3474,0
3475,1
3476,1
3477,0
3478,0
3479,0
3480,1
3481,1
3482,0
3483,1
3484,0
3485,0
3486,1
3487,0
3488,0
3489,0
3490,0
3491,0
3492,1
3493,1
3494,1
3495,1
3496,1
3497,0
3498,1
3499,1
3500,1
3501,0
3502,0
3503,1
3504,0
3505,1
3506,0
3507,0
3508,0
3509,0
3510,1
3511,1
3512,0
3513,0
3514,1
3515,0
3516,0
3517,0
3518,0
3519,0
3520,1
3521,1
3522,0
3523,1
3524,1
3525,1
3526,1
3527,0
3528,1
3529,1
3530,1
3531,0
3532,1
3533,1
3534,1
3535,0
3536,1
3537,1
3538,0
3539,0
3540,0
3541,0
3542,0
3543,0
3544,0
3545,1
3546,0
3547,0
3548,0
3549,1
3550,1
3551,0
3552,0
3553,0
3554,0
3555,0
3556,1
3557,1
3558,0
3559,0
3560,0
3561,1
3562,0
3563,0
3564,0
3565,0
3566,0
3567,0
3568,0
3569,0
3570,1
3571,0
3572,1
3573,0
3574,1
3575,1
3576,0
3577,0
3578,0
3579,1
3580,0
3581,1
3582,0
3583,0
3584,1
3585,1
3586,1
3587,1
3588,1
3589,1
3590,0
3591,0
3592,0
3593,1
3594,0
3595,1
3596,1
3597,0
3598,0
3599,0
3600,1
3601,0
3602,0
3603,1
3604,1
3605,0
3606,0
3607,1
3608,0
3609,0
3610,1
3611,0
3612,0
3613,0
3614,0
3615,1
3616,0
3617,1
3618,1
3619,0
3620,1
3621,1
3622,0
3623,1
3624,0
3625,1
3626,0
3627,1
3628,0
3629,0
3630,1
3631,0
3632,0
3633,1
3634,1
3635,0
3636,0
3637,1
3638,0
3639,1
3640,0
3641,0
3642,0
3643,0
3644,1
3645,1
3646,0
3647,0
3648,0
3649,0
3650,0
3651,1
3652,0
3653,0
3654,0
3655,1
3656,1
3657,0
3658,0
3659,1
3660,0
3661,0
3662,0
3663,1
3664,0
3665,0
3666,0
3667,0
3668,0
3669,0
3670,0
3671,1
3672,1
3673,0
3674,0
3675,0
3676,0
3677,0
3678,0
3679,0
3680,0
3681,0
3682,0
3683,0
3684,0
3685,0
3686,0
3687,0
3688,1
3689,1
3690,0
3691,0
3692,1
3693,1
3694,1
3695,1
3696,0
3697,0
3698,1
3699,0
3700,0
3701,0
3702,1
3703,1
3704,0
3705,0
3706,1
3707,1
3708,1
3709,1
3710,1
3711,1
3712,0
3713,0
3714,0
3715,1
3716,0
3717,1
3718,1
3719,1
3720,0
3721,1
3722,1
3723,1
3724,0
3725,0
3726,0
3727,0
3728,0
3729,1
3730,1
3731,1
3732,1
3733,0
3734,1
3735,1
3736,0
3737,1
3738,1
3739,0
3740,0
3741,1
3742,1
3743,0
3744,0
3745,0
3746,1
3747,0
3748,0
3749,0
3750,1
3751,1
3752,0
3753,0
3754,0
3755,0
3756,1
3757,1
3758,0
3759,1
3760,0
3761,0
3762,1
3763,1
3764,1
3765,0
3766,0
3767,0
3768,1
3769,0
3770,1
3771,1
3772,0
3773,0
3774,0
3775,0
3776,0
3777,0
3778,0
3779,0
3780,0
3781,1
3782,0
3783,1
3784,0
3785,0
3786,0
3787,0
3788,0
3789,1
3790,1
3791,1
3792,0
3793,0
3794,1
3795,0
3796,0
3797,1
3798,0
3799,1
3800,0
3801,0
3802,0
3803,1
3804,0
3805,0
3806,1
3807,1
3808,1
3809,1
3810,1
3811,1
3812,0
3813,0
3814,1
3815,1
3816,0
3817,1
3818,0
3819,0
3820,1
3821,1
3822,1
3823,0
3824,1
3825,0
3826,1
3827,1
3828,1
3829,0
3830,1
3831,1
3832,0
3833,1
3834,0
3835,0
3836,0
3837,0
3838,1
3839,0
3840,0
3841,0
3842,0
3843,0
3844,1
3845,1
3846,0
3847,0
3848,1
3849,1
3850,0
3851,1
3852,1
3853,0
3854,1
3855,1
3856,0
3857,0
3858,0
3859,0
3860,0
3861,1
3862,0
3863,0
3864,1
3865,0
3866,0
3867,0
3868,0
3869,1
3870,1
3871,1
3872,1
3873,0
3874,0
3875,1
3876,0
3877,1
3878,1
3879,0
3880,1
3881,1
3882,0
3883,0
3884,1
3885,0
3886,0
3887,0
3888,0
3889,0
3890,1
3891,1
3892,1
3893,1
3894,1
3895,1
3896,0
3897,0
3898,0
3899,0
3900,1
3901,1
3902,0
3903,0
3904,0
3905,0
3906,1
3907,0
3908,0
3909,0
3910,0
3911,0
3912,1
3913,0
3914,1
3915,0
3916,0
3917,1
3918,0
3919,0
3920,0
3921,0
3922,1
3923,1
3924,0
3925,1
3926,0
3927,0
3928,0
3929,1
3930,1
3931,0
3932,0
3933,0
3934,0
3935,0
3936,0
3937,0
3938,0
3939,1
3940,1
3941,1
3942,0
3943,0
3944,0
3945,1
3946,0
3947,0
3948,0
3949,1
3950,1
3951,0
3952,0
3953,0
3954,1
3955,1
3956,0
3957,0
3958,0
3959,1
3960,0
3961,0
3962,1
3963,1
3964,1
3965,0
3966,0
3967,0
3968,1
3969,1
3970,0
3971,0
3972,0
3973,1
3974,1
3975,1
3976,0
3977,0
3978,0
3979,0
3980,0
3981,0
3982,0
3983,1
3984,0
3985,1
3986,1
3987,1
3988,0
3989,0
3990,0
3991,0
3992,0
3993,0
3994,1
3995,0
3996,0
3997,0
3998,0
3999,1
4000,0
4001,1
4002,0
4003,0
4004,1
4005,0
4006,0
4007,1
4008,1
4009,1
4010,0
4011,0
4012,0
4013,0
4014,0
4015,0
4016,0
4017,1
4018,0
4019,1
4020,0
4021,0
4022,1
4023,0
4024,0
4025,1
4026,1
4027,0
4028,0
4029,0
4030,1
4031,0
4032,1
4033,1
4034,0
4035,0
4036,1
4037,0
4038,1
4039,1
4040,1
4041,0
4042,1
4043,1
4044,1
4045,0
4046,1
4047,0
4048,0
4049,0
4050,0
4051,1
4052,1
4053,0
4054,0
4055,1
4056,1
4057,0
4058,0
4059,1
4060,0
4061,1
4062,1
4063,1
4064,0
4065,0
4066,0
4067,0
4068,1
4069,0
4070,1
4071,0
4072,1
4073,0
4074,0
4075,0
4076,0
4077,0
4078,0
4079,0
4080,1
4081,1
4082,0
4083,0
4084,1
4085,0
4086,1
4087,0
4088,0
4089,1
4090,0
4091,1
4092,1
4093,1
4094,0
4095,0
4096,1
4097,0
4098,0
4099,0
4100,0
4101,1
4102,0
4103,1
4104,0
4105,1
4106,0
4107,0
4108,0
4109,1
4110,1
4111,0
4112,1
4113,1
4114,0
4115,1
4116,0
4117,1
4118,0
4119,0
4120,1
4121,1
4122,0
4123,0
4124,1
4125,0
4126,1
4127,0
4128,0
4129,1
4130,0
4131,1
4132,1
4133,1
4134,0
4135,1
4136,1
4137,0
4138,0
4139,1
4140,0
4141,0
4142,1
4143,1
4144,0
4145,0
4146,0
4147,0
4148,0
4149,0
4150,1
4151,0
4152,1
4153,1
4154,1
4155,1
4156,1
4157,0
4158,0
4159,0
4160,0
4161,0
4162,1
4163,1
4164,0
4165,1
4166,1
4167,0
4168,1
4169,0
4170,0
4171,1
4172,1
4173,1
4174,0
4175,0
4176,0
4177,0
4178,0
4179,0
4180,1
4181,1
4182,0
4183,0
4184,0
4185,0
4186,1
4187,0
4188,1
4189,0
4190,1
4191,0
4192,1
4193,0
4194,1
4195,1
4196,1
4197,0
4198,0
4199,0
4200,1
4201,0
4202,1
4203,0
4204,0
4205,0
4206,0
4207,0
4208,1
4209,0
4210,1
4211,0
4212,0
4213,0
4214,0
4215,1
4216,0
4217,0
4218,0
4219,0
4220,1
4221,0
4222,1
4223,1
4224,1
4225,0
4226,1
4227,1
4228,0
4229,0
4230,0
4231,0
4232,0
4233,1
4234,0
4235,1
4236,1
4237,1
4238,0
4239,1
4240,0
4241,1
4242,0
4243,0
4244,1
4245,1
4246,0
4247,1
4248,1
4249,0
4250,0
4251,0
4252,0
4253,1
4254,0
4255,1
4256,0
4257,0
4258,0
4259,0
4260,1
4261,0
4262,1
4263,0
4264,0
4265,0
4266,0
4267,1
4268,1
4269,0
4270,0
4271,1
4272,1
4273,0
4274,0
4275,0
4276,1
4277,1
4278,0
4279,0
4280,1
4281,1
4282,0
4283,1
4284,1
4285,0
4286,0
4287,0
4288,0
4289,1
4290,0
4291,1
4292,0
4293,0
4294,1
4295,0
4296,0
4297,0
4298,1
4299,0
4300,1
4301,0
4302,0
4303,0
4304,1
4305,0
4306,0
4307,0
4308,0
4309,0
4310,1
4311,0
4312,1
4313,1
4314,0
4315,1
4316,1
4317,1
4318,0
4319,1
4320,1
4321,1
4322,1
4323,0
4324,1
4325,0
4326,0
4327,0
4328,0
4329,1
4330,1
4331,1
4332,0
4333,0
4334,0
4335,1
4336,0
4337,0
4338,0
4339,0
4340,0
4341,1
4342,0
4343,0
4344,1
4345,0
4346,0
4347,1
4348,1
4349,0
4350,0
4351,1
4352,1
4353,0
4354,1
4355,0
4356,0
4357,1
4358,0
4359,0
4360,1
4361,1
4362,1
4363,1
4364,0
4365,0
4366,1
4367,0
4368,0
4369,0
4370,1
4371,0
4372,0
4373,0
4374,0
4375,0
4376,0
4377,1
4378,0
4379,1
4380,0
4381,1
4382,1
4383,1
4384,0
4385,1
4386,1
4387,0
4388,0
4389,0
4390,1
4391,0
4392,0
4393,1
4394,1
4395,0
4396,0
4397,0
4398,1
4399,1
4400,1
4401,1
4402,0
4403,0
4404,0
4405,0
4406,1
4407,0
4408,0
4409,1
4410,0
4411,0
4412,0
4413,1
4414,0
4415,0
4416,0
4417,0
4418,1
4419,1
4420,0
4421,1
4422,1
4423,1
4424,0
4425,1
4426,0
4427,0
4428,0
4429,0
4430,1
4431,0
4432,1
4433,0
4434,0
4435,1
4436,1
4437,0
4438,0
4439,0
4440,1
4441,1
4442,0
4443,0
4444,1
4445,0
4446,1
4447,1
4448,0
4449,0
4450,1
4451,1
4452,1
4453,0
4454,1
4455,0
4456,1
4457,1
4458,1
4459,0
4460,1
4461,1
4462,1
4463,0
4464,0
4465,0
4466,0
4467,1
4468,1
4469,1
4470,0
4471,1
4472,0
4473,1
4474,1
4475,0
4476,0
4477,1
4478,0
4479,0
4480,1
4481,0
4482,0
4483,0
4484,0
4485,0
4486,1
4487,1
4488,0
4489,1
4490,1
4491,1
4492,1
4493,1
4494,1
4495,0
4496,1
4497,0
4498,0
4499,1
4500,1
4501,1
4502,0
4503,1
4504,0
4505,0
4506,1
4507,1
4508,0
4509,0
4510,0
4511,1
4512,1
4513,0
4514,0
4515,0
4516,1
4517,1
4518,1
4519,1
4520,1
4521,1
4522,0
4523,1
4524,0
4525,1
4526,1
4527,1
4528,1
4529,0
4530,1
4531,1
4532,1
4533,1
4534,1
4535,0
4536,0
4537,0
4538,1
4539,1
4540,0
4541,1
4542,0
4543,1
4544,0
4545,1
4546,1
4547,1
4548,0
4549,0
4550,1
4551,1
4552,0
4553,0
4554,1
4555,1
4556,1
4557,0
4558,0
4559,1
4560,0
4561,0
4562,0
4563,1
4564,0
4565,0
4566,0
4567,0
4568,1
4569,0
4570,0
4571,1
4572,0
4573,1
4574,0
4575,0
4576,0
4577,1
4578,1
4579,1
4580,0
4581,0
4582,0
4583,0
4584,0
4585,0
4586,1
4587,1
4588,1
4589,0
4590,0
4591,1
4592,0
4593,0
4594,0
4595,1
4596,0
4597,0
4598,0
4599,1
4600,0
4601,1
4602,1
4603,1
4604,0
4605,1
4606,0
4607,1
4608,1
4609,0
4610,0
4611,1
4612,1
4613,1
4614,1
4615,0
4616,1
4617,1
4618,0
4619,0
4620,0
4621,1
4622,1
4623,0
4624,1
4625,1
4626,0
4627,1
4628,0
4629,1
4630,1
4631,0
4632,0
4633,1
4634,0
4635,1
4636,0
4637,0
4638,0
4639,0
4640,0
4641,0
4642,0
4643,1
4644,0
4645,1
4646,1
4647,1
4648,0
4649,0
4650,0
4651,0
4652,1
4653,0
4654,0
4655,0
4656,0
4657,0
4658,1
4659,1
4660,0
4661,1
4662,0
4663,0
4664,1
4665,1
4666,0
4667,0
4668,1
4669,1
4670,1
4671,1
4672,0
4673,1
4674,1
4675,0
4676,0
4677,1
4678,0
4679,0
4680,0
4681,0
4682,1
4683,1
4684,0
4685,0
4686,1
4687,1
4688,0
4689,1
4690,1
4691,1
4692,1
4693,1
4694,1
4695,0
4696,0
4697,1
4698,1
4699,0
4700,0
4701,1
4702,0
4703,1
4704,0
4705,0
4706,0
4707,1
4708,0
4709,0
4710,0
4711,0
4712,1
4713,1
4714,1
4715,0
4716,1
4717,0
4718,0
4719,0
4720,0
4721,1
4722,1
4723,1
4724,0
4725,0
4726,0
4727,0
4728,1
4729,1
4730,0
4731,0
4732,0
4733,0
4734,1
4735,0
4736,0
4737,0
4738,0
4739,1
4740,0
4741,0
4742,0
4743,0
4744,0
4745,0
4746,0
4747,1
4748,1
4749,1
4750,0
4751,1
4752,1
4753,1
4754,1
4755,1
4756,0
4757,0
4758,0
4759,1
4760,0
4761,0
4762,1
4763,0
4764,1
4765,0
4766,0
4767,0
4768,0
4769,0
4770,1
4771,0
4772,0
4773,0
4774,0
4775,1
4776,0
4777,1
4778,1
4779,0
4780,0
4781,0
4782,0
4783,0
4784,0
4785,1
4786,0
4787,1
4788,1
4789,0
4790,0
4791,1
4792,0
4793,0
4794,1
4795,0
4796,1
4797,1
4798,1
4799,0
4800,0
4801,1
4802,0
4803,1
4804,0
4805,1
4806,0
4807,1
4808,0
4809,0
4810,0
4811,1
4812,1
4813,0
4814,1
4815,1
4816,0
4817,1
4818,0
4819,0
4820,1
4821,1
4822,0
4823,0
4824,0
4825,1
4826,1
4827,0
4828,0
4829,0
4830,0
4831,1
4832,1
4833,0
4834,1
4835,1
4836,0
4837,0
4838,0
4839,1
4840,0
4841,0
4842,0
4843,1
4844,0
4845,1
4846,1
4847,0
4848,0
4849,1
4850,0
4851,1
4852,1
4853,0
4854,0
4855,1
4856,1
4857,1
4858,1
4859,0
4860,0
4861,1
4862,0
4863,1
4864,0
4865,1
4866,0
4867,0
4868,0
4869,1
4870,0
4871,1
4872,0
4873,0
4874,0
4875,1
4876,0
4877,0
4878,0
4879,0
4880,1
4881,0
4882,1
4883,0
4884,0
4885,1
4886,0
4887,0
4888,0
4889,1
4890,0
4891,0
4892,0
4893,1
4894,0
4895,0
4896,1
4897,0
4898,0
4899,1
4900,0
4901,0
4902,1
4903,1
4904,1
4905,0
4906,0
4907,1
4908,1
4909,0
4910,1
4911,0
4912,1
4913,1
4914,0
4915,0
4916,0
4917,0
4918,1
4919,0
4920,1
4921,0
4922,1
4923,1
4924,0
4925,0
4926,0
4927,1
4928,0
4929,1
4930,1
4931,0
4932,0
4933,1
4934,0
4935,1
4936,1
4937,1
4938,0
4939,1
4940,1
4941,0
4942,0
4943,0
4944,1
4945,0
4946,0
4947,1
4948,0
4949,1
4950,0
4951,1
4952,0
4953,0
4954,0
4955,0
4956,0
4957,1
4958,0
4959,0
4960,1
4961,1
4962,0
4963,1
4964,0
4965,1
4966,0
4967,1
4968,0
4969,1
4970,1
4971,0
4972,0
4973,0
4974,0
4975,0
4976,1
4977,1
4978,1
4979,1
4980,0
4981,1
4982,1
4983,0
4984,1
4985,1
4986,1
4987,0
4988,1
4989,0
4990,0
4991,1
4992,1
4993,1
4994,0
4995,0
4996,1
4997,1
4998,1
4999,0
5000,0
5001,1
5002,1
5003,1
5004,1
5005,1
5006,0
5007,0
5008,0
5009,1
5010,0
5011,0
5012,0
5013,0
5014,1
5015,0
5016,0
5017,1
5018,0
5019,1
5020,0
5021,0
5022,1
5023,1
5024,0
5025,0
5026,1
5027,0
5028,1
5029,1
5030,0
5031,1
5032,1
5033,1
5034,0
5035,0
5036,0
5037,0
5038,1
5039,1
5040,0
5041,0
5042,0
5043,0
5044,0
5045,1
5046,0
5047,0
5048,1
5049,0
5050,0
5051,0
5052,1
5053,0
5054,1
5055,0
5056,0
5057,0
5058,0
5059,1
5060,0
5061,1
5062,1
5063,0
5064,1
5065,0
5066,0
5067,0
5068,0
5069,0
5070,0
5071,1
5072,1
5073,0
5074,0
5075,1
5076,0
5077,0
5078,0
5079,0
5080,1
5081,0
5082,0
5083,1
5084,1
5085,0
5086,0
5087,1
5088,1
5089,1
5090,1
5091,0
5092,1
5093,0
5094,0
5095,1
5096,0
5097,0
5098,1
5099,0
5100,1
5101,0
5102,1
5103,0
5104,0
5105,0
5106,0
5107,0
5108,1
5109,0
5110,0
5111,1
5112,0
5113,1
5114,1
5115,0
5116,1
5117,0
5118,0
5119,0
5120,1
5121,1
5122,0
5123,1
5124,0
5125,0
5126,0
5127,0
5128,0
5129,0
5130,0
5131,1
5132,0
5133,1
5134,0
5135,0
5136,0
5137,1
5138,1
5139,0
5140,1
5141,1
5142,0
5143,1
5144,0
5145,0
5146,1
5147,0
5148,1
5149,0
5150,1
5151,0
5152,0
5153,0
5154,1
5155,0
5156,1
5157,0
5158,1
5159,0
5160,1
5161,1
5162,0
5163,1
5164,0
5165,1
5166,0
5167,0
5168,0
5169,1
5170,1
5171,0
5172,0
5173,0
5174,0
5175,0
5176,1
5177,1
5178,0
5179,0
5180,1
5181,0
5182,0
5183,0
5184,1
5185,1
5186,1
5187,0
5188,0
5189,1
5190,1
5191,1
5192,1
5193,0
5194,0
5195,1
5196,0
5197,0
5198,1
5199,1
5200,0
5201,0
5202,0
5203,1
5204,0
5205,0
5206,0
5207,0
5208,1
5209,0
5210,1
5211,1
5212,1
5213,0
5214,0
5215,1
5216,1
5217,1
5218,0
5219,0
5220,0
5221,0
5222,0
5223,0
5224,1
5225,1
5226,1
5227,0
5228,0
5229,0
5230,0
5231,1
5232,1
5233,0
5234,1
5235,1
5236,1
5237,1
5238,0
5239,1
5240,0
5241,1
5242,0
5243,0
5244,0
5245,0
5246,1
5247,0
5248,0
5249,1
5250,0
5251,0
5252,0
5253,1
5254,0
5255,1
5256,1
5257,1
5258,0
5259,0
5260,1
5261,0
5262,0
5263,0
5264,1
5265,0
5266,1
5267,0
5268,1
5269,0
5270,1
5271,0
5272,1
5273,1
5274,1
5275,0
5276,0
5277,0
5278,0
5279,0
5280,0
5281,1
5282,1
5283,0
5284,0
5285,0
5286,1
5287,0
5288,1
5289,1
5290,1
5291,0
5292,1
5293,1
5294,0
5295,1
5296,0
5297,1
5298,0
5299,1
5300,0
5301,0
5302,1
5303,1
5304,0
5305,0
5306,0
5307,0
5308,1
5309,0
5310,0
5311,1
5312,0
5313,1
5314,0
5315,0
5316,1
5317,1
5318,1
5319,0
5320,1
5321,0
5322,0
5323,0
5324,0
5325,0
5326,0
5327,1
5328,1
5329,1
5330,0
5331,1
5332,0
5333,0
5334,0
5335,0
5336,0
5337,1
5338,1
5339,0
5340,1
5341,1
5342,1
5343,0
5344,0
5345,0
5346,1
5347,1
5348,1
5349,0
5350,0
5351,1
5352,0
5353,0
5354,1
5355,1
5356,0
5357,0
5358,1
5359,1
5360,0
5361,1
5362,0
5363,0
5364,1
5365,0
5366,0
5367,0
5368,0
5369,0
5370,1
5371,1
5372,0
5373,0
5374,0
5375,1
5376,0
5377,1
5378,0
5379,1
5380,1
5381,1
5382,1
5383,0
5384,0
5385,0
5386,1
5387,1
5388,1
5389,1
5390,0
5391,0
5392,1
5393,1
5394,1
5395,1
5396,0
5397,1
5398,0
5399,0
5400,0
5401,0
5402,1
5403,1
5404,0
5405,0
5406,0
5407,0
5408,0
5409,1
5410,0
5411,1
5412,0
5413,0
5414,0
5415,1
5416,1
5417,1
5418,1
5419,1
5420,1
5421,1
5422,1
5423,0
5424,0
5425,0
5426,1
5427,0
5428,0
5429,1
5430,1
5431,0
5432,0
5433,1
5434,0
5435,0
5436,0
5437,0
5438,1
5439,0
5440,0
5441,0
5442,0
5443,1
5444,1
5445,0
5446,0
5447,1
5448,0
5449,1
5450,1
5451,0
5452,0
5453,1
5454,0
5455,1
5456,0
5457,0
5458,1
5459,1
5460,1
5461,0
5462,1
5463,0
5464,0
5465,0
5466,0
5467,1
5468,1
5469,1
5470,1
5471,0
5472,0
5473,0
5474,1
5475,1
5476,0
5477,0
5478,0
5479,0
5480,0
5481,0
5482,1
5483,1
5484,0
5485,0
5486,0
5487,0
5488,0
5489,0
5490,0
5491,1
5492,0
5493,1
5494,0
5495,1
5496,0
5497,1
5498,0
5499,1
5500,1
5501,0
5502,0
5503,1
5504,0
5505,0
5506,1
5507,0
5508,1
5509,0
5510,0
5511,0
5512,0
5513,1
5514,0
5515,0
5516,1
5517,0
5518,1
5519,1
5520,1
5521,0
5522,1
5523,0
5524,0
5525,0
5526,0
5527,0
5528,1
5529,0
5530,0
5531,1
5532,0
5533,1
5534,0
5535,0
5536,0
5537,1
5538,0
5539,0
5540,0
5541,0
5542,0
5543,0
5544,0
5545,0
5546,0
5547,1
5548,1
5549,0
5550,1
5551,1
5552,1
5553,1
5554,1
5555,0
5556,1
5557,0
5558,0
5559,0
5560,1
5561,0
5562,0
5563,1
5564,0
5565,1
5566,0
5567,0
5568,1
5569,1
5570,1
5571,0
5572,0
5573,1
5574,0
5575,1
5576,1
5577,1
5578,1
5579,0
5580,0
5581,0
5582,0
5583,0
5584,0
5585,1
5586,1
5587,1
5588,0
5589,1
5590,0
5591,0
5592,1
5593,0
5594,0
5595,0
5596,1
5597,0
5598,0
5599,1
5600,0
5601,0
5602,0
5603,0
5604,1
5605,1
5606,1
5607,0
5608,0
5609,0
5610,0
5611,0
5612,0
5613,1
5614,1
5615,0
5616,0
5617,1
5618,0
5619,0
5620,0
5621,0
5622,0
5623,1
5624,0
5625,0
5626,0
5627,0
5628,1
5629,1
5630,0
5631,1
5632,1
5633,1
5634,1
5635,0
5636,1
5637,0
5638,1
5639,1
5640,1
5641,1
5642,1
5643,0
5644,0
5645,0
5646,1
5647,0
5648,0
5649,0
5650,0
5651,0
5652,1
5653,0
5654,1
5655,1
5656,0
5657,0
5658,0
5659,1
5660,1
5661,0
5662,1
5663,1
5664,1
5665,1
5666,1
5667,1
5668,0
5669,1
5670,1
5671,0
5672,1
5673,1
5674,0
5675,0
5676,1
5677,0
5678,0
5679,1
5680,1
5681,0
5682,1
5683,1
5684,1
5685,1
5686,1
5687,1
5688,1
5689,0
5690,0
5691,0
5692,1
5693,1
5694,0
5695,0
5696,0
5697,1
5698,0
5699,1
5700,1
5701,0
5702,1
5703,0
5704,1
5705,0
5706,1
5707,0
5708,0
5709,1
5710,1
5711,0
5712,0
5713,1
5714,0
5715,1
5716,0
5717,1
5718,1
5719,1
5720,1
5721,1
5722,1
5723,0
5724,1
5725,0
5726,0
5727,0
5728,0
5729,1
5730,0
5731,0
5732,0
5733,0
5734,1
5735,0
5736,0
5737,0
5738,0
5739,0
5740,0
5741,0
5742,1
5743,0
5744,0
5745,1
5746,0
5747,1
5748,0
5749,1
5750,0
5751,1
5752,0
5753,0
5754,1
5755,0
5756,1
5757,0
5758,1
5759,1
5760,0
5761,1
5762,1
5763,1
5764,1
5765,0
5766,0
5767,1
5768,1
5769,1
5770,0
5771,1
5772,0
5773,0
5774,1
5775,0
5776,1
5777,1
5778,0
5779,0
5780,1
5781,1
5782,0
5783,0
5784,1
5785,0
5786,1
5787,0
5788,1
5789,0
5790,0
5791,1
5792,1
5793,0
5794,0
5795,1
5796,0
5797,0
5798,1
5799,0
5800,1
5801,1
5802,1
5803,0
5804,1
5805,1
5806,1
5807,1
5808,0
5809,1
5810,0
5811,1
5812,0
5813,1
5814,0
5815,1
5816,0
5817,0
5818,0
5819,0
5820,1
5821,1
5822,1
5823,0
5824,1
5825,0
5826,0
5827,0
5828,0
5829,1
5830,0
5831,1
5832,1
5833,0
5834,1
5835,1
5836,0
5837,1
5838,1
5839,0
5840,1
5841,1
5842,1
5843,0
5844,1
5845,1
5846,1
5847,1
5848,0
5849,1
5850,1
5851,1
5852,0
5853,1
5854,1
5855,0
5856,1
5857,0
5858,1
5859,0
5860,1
5861,1
5862,1
5863,1
5864,1
5865,1
5866,0
5867,1
5868,0
5869,0
5870,0
5871,1
5872,0
5873,1
5874,1
5875,1
5876,0
5877,0
5878,1
5879,0
5880,0
5881,0
5882,1
5883,1
5884,1
5885,0
5886,0
5887,0
5888,0
5889,1
5890,0
5891,1
5892,1
5893,1
5894,0
5895,0
5896,0
5897,1
5898,1
5899,1
5900,1
5901,0
5902,0
5903,0
5904,1
5905,1
5906,1
5907,1
5908,0
5909,0
5910,1
5911,0
5912,1
5913,0
5914,1
5915,0
5916,0
5917,0
5918,0
5919,1
5920,0
5921,0
5922,1
5923,1
5924,1
5925,1
5926,1
5927,0
5928,0
5929,0
5930,0
5931,1
5932,0
5933,1
5934,0
5935,0
5936,1
5937,0
5938,0
5939,0
5940,1
5941,0
5942,1
5943,1
5944,1
5945,0
5946,0
5947,0
5948,1
5949,0
5950,1
5951,1
5952,0
5953,0
5954,1
5955,1
5956,0
5957,1
5958,0
5959,0
5960,0
5961,0
5962,0
5963,0
5964,1
5965,0
5966,1
5967,0
5968,0
5969,1
5970,0
5971,0
5972,0
5973,0
5974,1
5975,0
5976,1
5977,0
5978,0
5979,1
5980,0
5981,1
5982,1
5983,1
5984,1
5985,1
5986,0
5987,0
5988,0
5989,0
5990,1
5991,0
5992,0
5993,1
5994,0
5995,0
5996,1
5997,0
5998,1
5999,0
6000,1
6001,1
6002,0
6003,1
6004,1
6005,1
6006,1
6007,1
6008,1
6009,0
6010,0
6011,0
6012,1
6013,0
6014,1
6015,0
6016,0
6017,0
6018,0
6019,0
6020,1
6021,1
6022,0
6023,1
6024,1
6025,0
6026,0
6027,1
6028,1
6029,1
6030,1
6031,0
6032,0
6033,1
6034,1
6035,0
6036,0
6037,0
6038,0
6039,1
6040,1
6041,1
6042,1
6043,1
6044,0
6045,1
6046,1
6047,1
6048,1
6049,0
6050,1
6051,1
6052,0
6053,1
6054,1
6055,1
6056,0
6057,0
6058,0
6059,1
6060,1
6061,1
6062,0
6063,0
6064,0
6065,1
6066,1
6067,1
6068,1
6069,1
6070,0
6071,0
6072,0
6073,1
6074,0
6075,1
6076,1
6077,0
6078,0
6079,0
6080,1
6081,0
6082,0
6083,1
6084,0
6085,0
6086,0
6087,0
6088,1
6089,1
6090,1
6091,1
6092,0
6093,1
6094,0
6095,0
6096,1
6097,1
6098,0
6099,0
6100,1
6101,1
6102,0
6103,1
6104,0
6105,0
6106,1
6107,1
6108,1
6109,1
6110,0
6111,0
6112,0
6113,1
6114,1
6115,1
6116,0
6117,1
6118,1
6119,1
6120,0
6121,0
6122,0
6123,0
6124,0
6125,1
6126,0
6127,0
6128,0
6129,0
6130,0
6131,0
6132,0
6133,0
6134,1
6135,1
6136,0
6137,0
6138,0
6139,0
6140,0
6141,1
6142,1
6143,0
6144,0
6145,1
6146,1
6147,0
6148,0
6149,1
6150,0
6151,0
6152,0
6153,0
6154,1
6155,0
6156,0
6157,0
6158,0
6159,0
6160,0
6161,1
6162,0
6163,1
6164,1
6165,1
6166,1
6167,1
6168,1
6169,0
6170,0
6171,0
6172,1
6173,0
6174,1
6175,1
6176,0
6177,0
6178,0
6179,0
6180,1
6181,1
6182,1
6183,0
6184,1
6185,0
6186,1
6187,1
6188,0
6189,0
6190,1
6191,1
6192,0
6193,1
6194,1
6195,1
6196,1
6197,1
6198,1
6199,1
6200,1
6201,1
6202,0
6203,0
6204,1
6205,1
6206,0
6207,1
6208,0
6209,0
6210,1
6211,1
6212,1
6213,1
6214,1
6215,0
6216,0
6217,1
6218,0
6219,1
6220,1
6221,0
6222,1
6223,1
6224,1
6225,1
6226,1
6227,0
6228,1
6229,0
6230,1
6231,0
6232,1
6233,1
6234,0
6235,1
6236,0
6237,1
6238,0
6239,0
6240,0
6241,0
6242,0
6243,0
6244,0
6245,0
6246,0
6247,0
6248,0
6249,0
6250,1
6251,1
6252,1
6253,0
6254,1
6255,0
6256,1
6257,0
6258,0
6259,1
6260,0
6261,0
6262,1
6263,1
6264,1
6265,0
6266,0
6267,1
6268,0
6269,0
6270,1
6271,0
6272,0
6273,1
6274,0
6275,1
6276,0
6277,1
6278,0
6279,0
6280,1
6281,0
6282,1
6283,1
6284,1
6285,1
6286,0
6287,0
6288,1
6289,0
6290,0
6291,1
6292,0
6293,0
6294,1
6295,1
6296,0
6297,1
6298,1
6299,1
6300,0
6301,0
6302,0
6303,1
6304,0
6305,0
6306,1
6307,1
6308,0
6309,1
6310,0
6311,0
6312,1
6313,0
6314,1
6315,1
6316,0
6317,0
6318,0
6319,1
6320,1
6321,1
6322,1
6323,0
6324,1
6325,1
6326,1
6327,0
6328,1
6329,1
6330,0
6331,0
6332,1
6333,1
6334,1
6335,0
6336,0
6337,1
6338,0
6339,1
6340,1
6341,1
6342,1
6343,1
6344,0
6345,0
6346,0
6347,0
6348,1
6349,1
6350,1
6351,1
6352,0
6353,1
6354,0
6355,0
6356,1
6357,1
6358,1
6359,0
6360,0
6361,1
6362,0
6363,1
6364,0
6365,1
6366,1
6367,0
6368,0
6369,0
6370,0
6371,0
6372,0
6373,0
6374,0
6375,0
6376,1
6377,0
6378,0
6379,1
6380,0
6381,1
6382,1
6383,0
6384,1
6385,0
6386,0
6387,0
6388,0
6389,0
6390,0
6391,0
6392,0
6393,1
6394,1
6395,0
6396,0
6397,0
6398,0
6399,0
6400,1
6401,0
6402,1
6403,0
6404,1
6405,1
6406,1
6407,0
6408,0
6409,0
6410,0
6411,0
6412,1
6413,1
6414,1
6415,1
6416,1
6417,0
6418,1
6419,0
6420,0
6421,0
6422,1
6423,1
6424,0
6425,0
6426,0
6427,1
6428,0
6429,0
6430,1
6431,1
6432,1
6433,0
6434,1
6435,1
6436,0
6437,0
6438,1
6439,1
6440,0
6441,0
6442,0
6443,0
6444,0
6445,0
6446,0
6447,1
6448,0
6449,0
6450,0
6451,0
6452,1
6453,1
6454,1
6455,1
6456,0
6457,0
6458,0
6459,0
6460,0
6461,1
6462,0
6463,1
6464,0
6465,1
6466,1
6467,0
6468,0
6469,0
6470,1
6471,1
6472,1
6473,1
6474,0
6475,1
6476,1
6477,1
6478,1
6479,0
6480,0
6481,0
6482,0
6483,0
6484,0
6485,0
6486,1
6487,0
6488,0
6489,0
6490,1
6491,0
6492,0
6493,0
6494,1
6495,0
6496,1
6497,0
6498,0
6499,0
6500,0
6501,0
6502,0
6503,0
6504,0
6505,1
6506,1
6507,0
6508,1
6509,1
6510,0
6511,0
6512,1
6513,1
6514,0
6515,1
6516,0
6517,0
6518,0
6519,0
6520,0
6521,1
6522,1
6523,1
6524,0
6525,0
6526,1
6527,0
6528,0
6529,1
6530,0
6531,0
6532,0
6533,0
6534,1
6535,1
6536,0
6537,1
6538,0
6539,1
6540,1
6541,0
6542,1
6543,0
6544,0
6545,0
6546,0
6547,0
6548,1
6549,1
6550,0
6551,1
6552,0
6553,1
6554,1
6555,0
6556,0
6557,1
6558,0
6559,1
6560,0
6561,0
6562,1
6563,0
6564,0
6565,1
6566,0
6567,0
6568,1
6569,0
6570,0
6571,1
6572,0
6573,1
6574,1
6575,0
6576,1
6577,1
6578,1
6579,0
6580,1
6581,0
6582,0
6583,0
6584,0
6585,0
6586,0
6587,0
6588,0
6589,0
6590,0
6591,1
6592,0
6593,1
6594,0
6595,1
6596,0
6597,0
6598,0
6599,0
6600,0
6601,0
6602,0
6603,0
6604,0
6605,0
6606,1
6607,1
6608,0
6609,0
6610,0
6611,1
6612,0
6613,0
6614,0
6615,1
6616,0
6617,1
6618,0
6619,1
6620,0
6621,0
6622,0
6623,1
6624,0
6625,0
6626,1
6627,0
6628,1
6629,1
6630,0
6631,0
6632,0
6633,1
6634,1
6635,0
6636,0
6637,0
6638,1
6639,0
6640,1
6641,1
6642,1
6643,1
6644,0
6645,1
6646,1
6647,0
6648,0
6649,1
6650,0
6651,1
6652,1
6653,1
6654,0
6655,0
6656,0
6657,0
6658,0
6659,0
6660,1
6661,0
6662,0
6663,0
6664,0
6665,1
6666,0
6667,1
6668,1
6669,1
6670,0
6671,1
6672,1
6673,1
6674,1
6675,1
6676,0
6677,1
6678,1
6679,0
6680,0
6681,0
6682,1
6683,1
6684,1
6685,1
6686,0
6687,1
6688,0
6689,1
6690,1
6691,0
6692,1
6693,0
6694,0
6695,0
6696,1
6697,0
6698,0
6699,0
6700,0
6701,0
6702,0
6703,1
6704,0
6705,1
6706,1
6707,0
6708,0
6709,1
6710,0
6711,1
6712,0
6713,0
6714,1
6715,1
6716,1
6717,0
6718,1
6719,0
6720,1
6721,1
6722,1
6723,1
6724,0
6725,0
6726,1
6727,1
6728,1
6729,0
6730,0
6731,0
6732,0
6733,0
6734,1
6735,0
6736,1
6737,1
6738,1
6739,0
6740,0
6741,1
6742,0
6743,0
6744,0
6745,0
6746,0
6747,0
6748,1
6749,1
6750,1
6751,1
6752,1
6753,0
6754,1
6755,0
6756,1
6757,0
6758,1
6759,1
6760,0
6761,1
6762,1
6763,1
6764,1
6765,1
6766,1
6767,1
6768,1
6769,0
6770,1
6771,0
6772,1
6773,0
6774,0
6775,1
6776,0
6777,1
6778,0
6779,1
6780,0
6781,0
6782,0
6783,0
6784,1
6785,0
6786,0
6787,1
6788,0
6789,0
6790,0
6791,0
6792,1
6793,1
6794,1
6795,0
6796,1
6797,1
6798,1
6799,0
6800,0
6801,0
6802,0
6803,0
6804,0
6805,1
6806,0
6807,0
6808,0
6809,0
6810,0
6811,0
6812,1
6813,0
6814,0
6815,1
6816,1
6817,0
6818,1
6819,0
6820,1
6821,1
6822,1
6823,1
6824,0
6825,1
6826,1
6827,1
6828,1
6829,0
6830,1
6831,0
6832,0
6833,0
6834,1
6835,1
6836,0
6837,1
6838,0
6839,1
6840,1
6841,0
6842,0
6843,0
6844,0
6845,1
6846,0
6847,1
6848,1
6849,1
6850,0
6851,1
6852,1
6853,0
6854,1
6855,1
6856,1
6857,0
6858,0
6859,1
6860,0
6861,0
6862,0
6863,1
6864,0
6865,0
6866,1
6867,1
6868,1
6869,1
6870,0
6871,0
6872,0
6873,1
6874,1
6875,1
6876,0
6877,1
6878,1
6879,0
6880,1
6881,1
6882,0
6883,1
6884,0
6885,0
6886,1
6887,1
6888,0
6889,0
6890,0
6891,1
6892,0
6893,1
6894,0
6895,0
6896,1
6897,0
6898,0
6899,0
6900,0
6901,1
6902,0
6903,1
6904,0
6905,1
6906,1
6907,1
6908,0
6909,0
6910,0
6911,1
6912,0
6913,1
6914,0
6915,1
6916,0
6917,1
6918,1
6919,0
6920,1
6921,0
6922,1
6923,0
6924,0
6925,1
6926,1
6927,0
6928,0
6929,0
6930,0
6931,1
6932,1
6933,0
6934,0
6935,1
6936,1
6937,0
6938,0
6939,0
6940,1
6941,0
6942,1
6943,1
6944,0
6945,0
6946,0
6947,0
6948,0
6949,0
6950,0
6951,0
6952,1
6953,0
6954,1
6955,0
6956,0
6957,0
6958,0
6959,1
6960,0
6961,1
6962,0
6963,1
6964,1
6965,0
6966,1
6967,0
6968,0
6969,0
6970,0
6971,0
6972,0
6973,0
6974,0
6975,1
6976,0
6977,1
6978,1
6979,0
6980,0
6981,1
6982,1
6983,0
6984,1
6985,1
6986,0
6987,1
6988,1
6989,1
6990,0
6991,1
6992,0
6993,0
6994,0
6995,1
6996,1
6997,1
6998,0
6999,0
7000,0
7001,1
7002,1
7003,0
7004,0
7005,1
7006,0
7007,0
7008,1
7009,0
7010,0
7011,1
7012,1
7013,0
7014,0
7015,0
7016,1
7017,0
7018,1
7019,0
7020,0
7021,1
7022,0
7023,1
7024,0
7025,1
7026,0
7027,0
7028,0
7029,1
7030,1
7031,1
7032,0
7033,0
7034,1
7035,0
7036,1
7037,1
7038,1
7039,1
7040,1
7041,0
7042,0
7043,1
7044,0
7045,0
7046,0
7047,1
7048,0
7049,1
7050,0
7051,0
7052,0
7053,1
7054,1
7055,1
7056,0
7057,0
7058,0
7059,0
7060,1
7061,1
7062,1
7063,0
7064,0
7065,0
7066,0
7067,1
7068,0
7069,0
7070,0
7071,0
7072,0
7073,0
7074,1
7075,1
7076,0
7077,1
7078,0
7079,1
7080,1
7081,1
7082,1
7083,1
7084,0
7085,1
7086,0
7087,0
7088,0
7089,1
7090,1
7091,1
7092,1
7093,1
7094,0
7095,1
7096,0
7097,0
7098,0
7099,0
7100,1
7101,0
7102,0
7103,1
7104,1
7105,0
7106,0
7107,1
7108,0
7109,0
7110,0
7111,1
7112,1
7113,0
7114,0
7115,0
7116,0
7117,1
7118,1
7119,1
7120,1
7121,0
7122,0
7123,0
7124,1
7125,1
7126,1
7127,1
7128,0
7129,0
7130,1
7131,1
7132,0
7133,0
7134,0
7135,0
7136,0
7137,0
7138,1
7139,0
7140,0
7141,1
7142,1
7143,0
7144,0
7145,1
7146,0
7147,0
7148,0
7149,1
7150,0
7151,0
7152,0
7153,1
7154,1
7155,1
7156,0
7157,0
7158,1
7159,1
7160,0
7161,1
7162,1
7163,0
7164,1
7165,0
7166,0
7167,1
7168,1
7169,0
7170,1
7171,1
7172,0
7173,1
7174,0
7175,0
7176,0
7177,0
7178,1
7179,1
7180,1
7181,0
7182,0
7183,1
7184,1
7185,0
7186,0
7187,1
7188,0
7189,1
7190,0
7191,1
7192,1
7193,0
7194,0
7195,0
7196,1
7197,0
7198,1
7199,0
7200,1
7201,0
7202,0
7203,1
7204,0
7205,1
7206,1
7207,0
7208,1
7209,0
7210,0
7211,0
7212,0
7213,1
7214,1
7215,0
7216,1
7217,0
7218,1
7219,0
7220,0
7221,0
7222,0
7223,1
7224,1
7225,0
7226,0
7227,1
7228,1
7229,1
7230,0
7231,1
7232,1
7233,0
7234,1
7235,0
7236,0
7237,0
7238,0
7239,1
7240,1
7241,0
7242,1
7243,0
7244,0
7245,0
7246,1
7247,0
7248,0
7249,0
7250,1
7251,0
7252,0
7253,0
7254,1
7255,0
7256,1
7257,0
7258,1
7259,1
7260,1
7261,0
7262,0
7263,1
7264,0
7265,1
7266,0
7267,0
7268,0
7269,0
7270,1
7271,0
7272,1
7273,1
7274,1
7275,1
7276,0
7277,0
7278,1
7279,1
7280,1
7281,0
7282,1
7283,1
7284,1
7285,1
7286,1
7287,0
7288,0
7289,1
7290,1
7291,1
7292,1
7293,0
7294,1
7295,0
7296,0
7297,1
7298,0
7299,0
7300,0
7301,1
7302,1
7303,1
7304,0
7305,1
7306,1
7307,0
7308,1
7309,1
7310,0
7311,0
7312,1
7313,1
7314,0
7315,1
7316,0
7317,1
7318,0
7319,1
7320,0
7321,0
7322,1
7323,0
7324,0
7325,0
7326,1
7327,0
7328,1
7329,1
7330,1
7331,0
7332,1
7333,1
7334,0
7335,0
7336,0
7337,0
7338,1
7339,0
7340,0
7341,0
7342,0
7343,1
7344,1
7345,1
7346,1
7347,1
7348,0
7349,1
7350,0
7351,0
7352,0
7353,0
7354,1
7355,1
7356,0
7357,1
7358,0
7359,0
7360,1
7361,0
7362,1
7363,0
7364,0
7365,0
7366,0
7367,1
7368,1
7369,1
7370,1
7371,1
7372,0
7373,1
7374,1
7375,0
7376,1
7377,0
7378,0
7379,0
7380,0
7381,1
7382,1
7383,1
7384,1
7385,1
7386,1
7387,1
7388,0
7389,0
7390,0
7391,0
7392,0
7393,1
7394,0
7395,0
7396,0
7397,1
7398,1
7399,1
7400,1
7401,0
7402,0
7403,1
7404,1
7405,0
7406,1
7407,1
7408,0
7409,0
7410,1
7411,0
7412,1
7413,0
7414,0
7415,1
7416,1
7417,1
7418,1
7419,1
7420,1
7421,0
7422,1
7423,1
7424,0
7425,1
7426,0
7427,0
7428,1
7429,1
7430,0
7431,0
7432,0
7433,1
7434,0
7435,1
7436,0
7437,0
7438,1
7439,0
7440,1
7441,0
7442,1
7443,1
7444,0
7445,0
7446,0
7447,1
7448,0
7449,0
7450,1
7451,0
7452,0
7453,1
7454,0
7455,0
7456,0
7457,0
7458,1
7459,1
7460,1
7461,1
7462,0
7463,1
7464,1
7465,0
7466,0
7467,1
7468,0
7469,0
7470,0
7471,0
7472,0
7473,0
7474,0
7475,0
7476,1
7477,1
7478,0
7479,0
7480,0
7481,0
7482,1
7483,0
7484,0
7485,0
7486,1
7487,1
7488,0
7489,1
7490,1
7491,1
7492,1
7493,0
7494,1
7495,0
7496,1
7497,1
7498,0
7499,1
7500,0
7501,0
7502,1
7503,0
7504,1
7505,1
7506,1
7507,0
7508,0
7509,0
7510,0
7511,0
7512,0
7513,0
7514,1
7515,1
7516,1
7517,1
7518,0
7519,1
7520,1
7521,1
7522,1
7523,1
7524,1
7525,1
7526,0
7527,1
7528,1
7529,1
7530,1
7531,0
7532,0
7533,0
7534,0
7535,0
7536,1
7537,1
7538,1
7539,1
7540,1
7541,0
7542,1
7543,0
7544,0
7545,0
7546,0
7547,1
7548,1
7549,0
7550,0
7551,1
7552,0
7553,1
7554,1
7555,0
7556,1
7557,1
7558,0
7559,0
7560,1
7561,0
7562,0
7563,1
7564,0
7565,0
7566,1
7567,1
7568,0
7569,0
7570,0
7571,0
7572,0
7573,1
7574,0
7575,0
7576,0
7577,1
7578,0
7579,0
7580,0
7581,1
7582,1
7583,1
7584,0
7585,1
7586,1
7587,0
7588,1
7589,0
7590,1
7591,0
7592,0
7593,1
7594,1
7595,1
7596,1
7597,0
7598,1
7599,1
7600,1
7601,0
7602,1
7603,1
7604,1
7605,0
7606,0
7607,1
7608,1
7609,1
7610,1
7611,1
7612,0
7613,1
7614,0
7615,0
7616,1
7617,1
7618,0
7619,1
7620,0
7621,0
7622,1
7623,1
7624,1
7625,0
7626,0
7627,0
7628,0
7629,1
7630,0
7631,1
7632,0
7633,1
7634,1
7635,0
7636,1
7637,0
7638,1
7639,0
7640,0
7641,0
7642,1
7643,0
7644,0
7645,1
7646,0
7647,0
7648,0
7649,0
7650,0
7651,0
7652,0
7653,0
7654,1
7655,1
7656,1
7657,0
7658,1
7659,0
7660,0
7661,0
7662,0
7663,0
7664,0
7665,1
7666,0
7667,0
7668,1
7669,0
7670,1
7671,0
7672,0
7673,0
7674,1
7675,0
7676,0
7677,1
7678,0
7679,1
7680,1
7681,0
7682,0
7683,0
7684,1
7685,1
7686,1
7687,0
7688,0
7689,0
7690,0
7691,0
7692,0
7693,1
7694,0
7695,1
7696,0
7697,1
7698,0
7699,0
7700,0
7701,0
7702,0
7703,1
7704,0
7705,1
7706,0
7707,1
7708,1
7709,0
7710,1
7711,1
7712,1
7713,0
7714,1
7715,1
7716,0
7717,1
7718,1
7719,0
7720,1
7721,1
7722,0
7723,1
7724,1
7725,1
7726,0
7727,1
7728,0
7729,0
7730,1
7731,0
7732,1
7733,1
7734,0
7735,0
7736,0
7737,0
7738,1
7739,0
7740,1
7741,0
7742,1
7743,1
7744,1
7745,1
7746,0
7747,1
7748,0
7749,1
7750,1
7751,0
7752,0
7753,1
7754,1
7755,1
7756,0
7757,0
7758,0
7759,0
7760,1
7761,0
7762,1
7763,0
7764,0
7765,1
7766,0
7767,0
7768,0
7769,0
7770,0
7771,0
7772,0
7773,0
7774,0
7775,1
7776,0
7777,0
7778,1
7779,0
7780,1
7781,0
7782,0
7783,0
7784,1
7785,0
7786,1
7787,1
7788,1
7789,1
7790,1
7791,0
7792,0
7793,1
7794,1
7795,1
7796,0
7797,1
7798,0
7799,0
7800,1
7801,1
7802,1
7803,0
7804,1
7805,0
7806,1
7807,0
7808,1
7809,1
7810,0
7811,1
7812,0
7813,1
7814,0
7815,1
7816,1
7817,0
7818,0
7819,1
7820,1
7821,0
7822,0
7823,0
7824,1
7825,0
7826,1
7827,0
7828,1
7829,1
7830,0
7831,0
7832,0
7833,0
7834,1
7835,0
7836,0
7837,0
7838,0
7839,0
7840,1
7841,0
7842,0
7843,0
7844,1
7845,0
7846,1
7847,0
7848,0
7849,0
7850,0
7851,0
7852,1
7853,1
7854,0
7855,1
7856,0
7857,1
7858,0
7859,1
7860,1
7861,1
7862,0
7863,0
7864,0
7865,1
7866,1
7867,1
7868,1
7869,0
7870,0
7871,1
7872,0
7873,0
7874,0
7875,0
7876,0
7877,0
7878,0
7879,1
7880,0
7881,0
7882,0
7883,0
7884,1
7885,0
7886,0
7887,1
7888,1
7889,1
7890,0
7891,1
7892,1
7893,0
7894,1
7895,1
7896,0
7897,0
7898,1
7899,1
7900,1
7901,1
7902,1
7903,1
7904,0
7905,1
7906,0
7907,1
7908,0
7909,0
7910,1
7911,0
7912,0
7913,1
7914,0
7915,1
7916,0
7917,0
7918,1
7919,0
7920,1
7921,1
7922,0
7923,0
7924,1
7925,0
7926,0
7927,0
7928,1
7929,0
7930,0
7931,0
7932,0
7933,1
7934,1
7935,1
7936,1
7937,0
7938,1
7939,0
7940,0
7941,0
7942,0
7943,0
7944,1
7945,0
7946,0
7947,0
7948,0
7949,0
7950,1
7951,1
7952,1
7953,1
7954,0
7955,0
7956,1
7957,1
7958,1
7959,0
7960,0
7961,0
7962,1
7963,0
7964,0
7965,0
7966,1
7967,0
7968,1
7969,0
7970,0
7971,0
7972,0
7973,1
7974,0
7975,1
7976,0
7977,0
7978,0
7979,0
7980,1
7981,0
7982,1
7983,0
7984,0
7985,0
7986,1
7987,0
7988,0
7989,0
7990,1
7991,1
7992,1
7993,1
7994,0
7995,0
7996,0
7997,1
7998,0
7999,0
8000,0
8001,0
8002,0
8003,0
8004,0
8005,1
8006,1
8007,0
8008,0
8009,1
8010,0
8011,0
8012,1
8013,1
8014,0
8015,0
8016,0
8017,1
8018,0
8019,1
8020,0
8021,0
8022,0
8023,1
8024,1
8025,1
8026,1
8027,1
8028,1
8029,0
8030,0
8031,1
8032,0
8033,0
8034,0
8035,0
8036,0
8037,1
8038,1
8039,0
8040,1
8041,0
8042,1
8043,0
8044,1
8045,0
8046,1
8047,0
8048,0
8049,1
8050,1
8051,1
8052,1
8053,1
8054,0
8055,0
8056,1
8057,0
8058,1
8059,0
8060,1
8061,1
8062,1
8063,1
8064,0
8065,0
8066,1
8067,0
8068,0
8069,0
8070,0
8071,1
8072,0
8073,1
8074,0
8075,0
8076,0
8077,0
8078,1
8079,0
8080,1
8081,0
8082,0
8083,1
8084,0
8085,1
8086,1
8087,0
8088,1
8089,0
8090,1
8091,0
8092,0
8093,0
8094,1
8095,0
8096,0
8097,0
8098,1
8099,1
8100,0
8101,1
8102,0
8103,1
8104,1
8105,0
8106,1
8107,0
8108,1
8109,0
8110,1
8111,1
8112,0
8113,1
8114,0
8115,0
8116,0
8117,0
8118,1
8119,1
8120,1
8121,1
8122,1
8123,1
8124,1
8125,0
8126,0
8127,1
8128,0
8129,0
8130,0
8131,1
8132,1
8133,0
8134,1
8135,1
8136,1
8137,0
8138,0
8139,1
8140,1
8141,1
8142,0
8143,1
8144,0
8145,0
8146,0
8147,0
8148,0
8149,0
8150,1
8151,1
8152,0
8153,1
8154,0
8155,0
8156,0
8157,1
8158,0
8159,0
8160,0
8161,0
8162,1
8163,0
8164,1
8165,0
8166,1
8167,1
8168,0
8169,1
8170,1
8171,0
8172,1
8173,0
8174,0
8175,1
8176,0
8177,0
8178,1
8179,0
8180,0
8181,1
8182,0
8183,0
8184,0
8185,1
8186,1
8187,1
8188,0
8189,0
8190,0
8191,0
8192,1
8193,1
8194,1
8195,1
8196,0
8197,1
8198,1
8199,0
8200,0
8201,0
8202,1
8203,1
8204,0
8205,1
8206,0
8207,0
8208,0
8209,1
8210,0
8211,1
8212,0
8213,0
8214,0
8215,1
8216,0
8217,1
8218,1
8219,0
8220,0
8221,0
8222,1
8223,1
8224,0
8225,0
8226,1
8227,0
8228,0
8229,1
8230,1
8231,1
8232,1
8233,0
8234,0
8235,1
8236,1
8237,0
8238,1
8239,1
8240,0
8241,1
8242,0
8243,0
8244,1
8245,0
8246,0
8247,1
8248,1
8249,1
8250,1
8251,0
8252,1
8253,1
8254,0
8255,1
8256,0
8257,1
8258,0
8259,1
8260,0
8261,1
8262,1
8263,0
8264,0
8265,1
8266,1
8267,0
8268,0
8269,0
8270,0
8271,1
8272,1
8273,0
8274,1
8275,0
8276,0
8277,0
8278,0
8279,0
8280,1
8281,1
8282,1
8283,1
8284,1
8285,1
8286,0
8287,1
8288,0
8289,0
8290,0
8291,0
8292,0
8293,0
8294,0
8295,0
8296,1
8297,0
8298,0
8299,1
8300,1
8301,1
8302,0
8303,0
8304,0
8305,1
8306,0
8307,0
8308,1
8309,0
8310,1
8311,0
8312,1
8313,1
8314,0
8315,0
8316,0
8317,0
8318,0
8319,1
8320,1
8321,0
8322,0
8323,0
8324,0
8325,0
8326,0
8327,0
8328,1
8329,1
8330,1
8331,1
8332,0
8333,1
8334,1
8335,1
8336,1
8337,0
8338,0
8339,0
8340,1
8341,0
8342,1
8343,1
8344,0
8345,0
8346,0
8347,0
8348,1
8349,0
8350,1
8351,1
8352,0
8353,1
8354,0
8355,1
8356,0
8357,1
8358,1
8359,0
8360,0
8361,1
8362,0
8363,1
8364,0
8365,1
8366,1
8367,1
8368,1
8369,0
8370,0
8371,0
8372,0
8373,0
8374,1
8375,0
8376,1
8377,0
8378,1
8379,0
8380,0
8381,0
8382,0
8383,1
8384,0
8385,0
8386,1
8387,0
8388,0
8389,1
8390,0
8391,1
8392,1
8393,0
8394,0
8395,1
8396,0
8397,0
8398,0
8399,0
8400,0
8401,0
8402,1
8403,0
8404,0
8405,0
8406,1
8407,0
8408,1
8409,0
8410,1
8411,1
8412,0
8413,0
8414,1
8415,0
8416,1
8417,0
8418,0
8419,0
8420,1
8421,1
8422,0
8423,1
8424,1
8425,1
8426,0
8427,0
8428,1
8429,0
8430,1
8431,0
8432,1
8433,1
8434,0
8435,0
8436,0
8437,0
8438,1
8439,0
8440,1
8441,0
8442,0
8443,1
8444,0
8445,0
8446,0
8447,0
8448,1
8449,0
8450,1
8451,0
8452,0
8453,1
8454,1
8455,1
8456,0
8457,1
8458,0
8459,0
8460,1
8461,0
8462,0
8463,1
8464,1
8465,0
8466,0
8467,0
8468,1
8469,0
8470,1
8471,1
8472,0
8473,1
8474,0
8475,0
8476,0
8477,1
8478,0
8479,1
8480,1
8481,0
8482,0
8483,0
8484,1
8485,0
8486,0
8487,1
8488,0
8489,0
8490,0
8491,0
8492,1
8493,0
8494,0
8495,0
8496,0
8497,0
8498,1
8499,1
8500,0
8501,0
8502,1
8503,0
8504,0
8505,0
8506,1
8507,0
8508,1
8509,0
8510,1
8511,0
8512,0
8513,1
8514,0
8515,0
8516,1
8517,0
8518,0
8519,1
8520,0
8521,1
8522,1
8523,1
8524,0
8525,0
8526,0
8527,1
8528,1
8529,0
8530,0
8531,1
8532,0
8533,0
8534,1
8535,1
8536,0
8537,1
8538,1
8539,1
8540,1
8541,1
8542,0
8543,0
8544,0
8545,1
8546,0
8547,1
8548,1
8549,1
8550,1
8551,0
8552,0
8553,1
8554,1
8555,1
8556,1
8557,1
8558,1
8559,1
8560,0
8561,1
8562,1
8563,0
8564,1
8565,0
8566,0
8567,0
8568,0
8569,0
8570,1
8571,0
8572,0
8573,1
8574,0
8575,1
8576,0
8577,0
8578,0
8579,0
8580,1
8581,0
8582,0
8583,0
8584,0
8585,1
8586,0
8587,0
8588,1
8589,1
8590,1
8591,0
8592,0
8593,0
8594,1
8595,0
8596,1
8597,1
8598,0
8599,0
8600,0
8601,1
8602,1
8603,1
8604,0
8605,1
8606,1
8607,0
8608,0
8609,1
8610,1
8611,1
8612,0
8613,0
8614,1
8615,1
8616,1
8617,1
8618,1
8619,0
8620,1
8621,1
8622,1
8623,0
8624,0
8625,0
8626,0
8627,0
8628,1
8629,0
8630,1
8631,1
8632,1
8633,0
8634,0
8635,0
8636,0
8637,0
8638,1
8639,1
8640,0
8641,0
8642,0
8643,0
8644,0
8645,1
8646,0
8647,0
8648,0
8649,0
8650,0
8651,1
8652,1
8653,0
8654,0
8655,1
8656,0
8657,1
8658,1
8659,1
8660,0
8661,1
8662,0
8663,0
8664,1
8665,1
8666,0
8667,1
8668,0
8669,0
8670,0
8671,1
8672,1
8673,0
8674,0
8675,0
8676,0
8677,0
8678,0
8679,1
8680,1
8681,0
8682,1
8683,1
8684,0
8685,0
8686,1
8687,1
8688,0
8689,0
8690,1
8691,0
8692,1
8693,1
8694,1
8695,1
8696,0
8697,0
8698,1
8699,0
8700,1
8701,1
8702,0
8703,0
8704,1
8705,0
8706,1
8707,0
8708,1
8709,0
8710,0
8711,1
8712,0
8713,1
8714,0
8715,0
8716,1
8717,0
8718,0
8719,1
8720,1
8721,1
8722,1
8723,1
8724,1
8725,1
8726,1
8727,1
8728,0
8729,0
8730,0
8731,0
8732,0
8733,0
8734,1
8735,0
8736,0
8737,0
8738,0
8739,0
8740,0
8741,1
8742,1
8743,1
8744,1
8745,0
8746,1
8747,1
8748,0
8749,0
8750,0
8751,1
8752,0
8753,1
8754,0
8755,1
8756,0
8757,1
8758,0
8759,0
8760,1
8761,0
8762,1
8763,1
8764,1
8765,0
8766,1
8767,0
8768,0
8769,1
8770,1
8771,0
8772,0
8773,1
8774,0
8775,1
8776,1
8777,1
8778,0
8779,1
8780,0
8781,1
8782,1
8783,1
8784,0
8785,1
8786,1
8787,1
8788,1
8789,0
8790,0
8791,0
8792,0
8793,0
8794,1
8795,0
8796,0
8797,1
8798,1
8799,0
8800,1
8801,1
8802,1
8803,1
8804,1
8805,1
8806,1
8807,1
8808,0
8809,1
8810,1
8811,0
8812,0
8813,0
8814,0
8815,0
8816,1
8817,1
8818,1
8819,0
8820,1
8821,1
8822,0
8823,0
8824,1
8825,0
8826,0
8827,0
8828,0
8829,0
8830,0
8831,0
8832,1
8833,0
8834,0
8835,1
8836,0
8837,1
8838,0
8839,0
8840,1
8841,0
8842,1
8843,0
8844,1
8845,0
8846,0
8847,0
8848,1
8849,0
8850,1
8851,1
8852,0
8853,0
8854,1
8855,0
8856,1
8857,1
8858,0
8859,0
8860,0
8861,1
8862,1
8863,0
8864,1
8865,1
8866,0
8867,0
8868,0
8869,0
8870,0
8871,0
8872,0
8873,1
8874,0
8875,0
8876,0
8877,1
8878,0
8879,0
8880,0
8881,0
8882,0
8883,0
8884,0
8885,1
8886,1
8887,0
8888,0
8889,1
8890,0
8891,0
8892,1
8893,1
8894,0
8895,0
8896,0
8897,0
8898,0
8899,0
8900,0
8901,0
8902,0
8903,0
8904,0
8905,0
8906,0
8907,1
8908,0
8909,1
8910,1
8911,1
8912,0
8913,0
8914,0
8915,1
8916,1
8917,1
8918,0
8919,1
8920,0
8921,0
8922,1
8923,1
8924,1
8925,1
8926,0
8927,1
8928,1
8929,0
8930,0
8931,1
8932,0
8933,1
8934,1
8935,1
8936,0
8937,0
8938,1
8939,0
8940,1
8941,1
8942,0
8943,0
8944,0
8945,1
8946,1
8947,1
8948,1
8949,1
8950,1
8951,0
8952,0
8953,0
8954,1
8955,0
8956,0
8957,1
8958,0
8959,0
8960,0
8961,1
8962,0
8963,0
8964,0
8965,0
8966,0
8967,0
8968,0
8969,1
8970,0
8971,0
8972,0
8973,0
8974,0
8975,1
8976,1
8977,0
8978,0
8979,0
8980,1
8981,0
8982,0
8983,1
8984,0
8985,0
8986,0
8987,0
8988,0
8989,1
8990,0
8991,1
8992,1
8993,0
8994,0
8995,0
8996,0
8997,0
8998,0
8999,0
9000,0
9001,0
9002,0
9003,1
9004,1
9005,0
9006,1
9007,1
9008,0
9009,0
9010,0
9011,1
9012,0
9013,0
9014,1
9015,0
9016,0
9017,1
9018,1
9019,0
9020,1
9021,1
9022,0
9023,1
9024,1
9025,0
9026,0
9027,0
9028,0
9029,0
9030,1
9031,0
9032,1
9033,1
9034,0
9035,1
9036,1
9037,0
9038,0
9039,0
9040,0
9041,0
9042,1
9043,1
9044,1
9045,0
9046,0
9047,0
9048,1
9049,1
9050,0
9051,0
9052,0
9053,0
9054,0
9055,1
9056,1
9057,1
9058,1
9059,0
9060,1
9061,0
9062,0
9063,0
9064,0
9065,0
9066,0
9067,0
9068,1
9069,0
9070,1
9071,1
9072,1
9073,1
9074,0
9075,1
9076,1
9077,1
9078,1
9079,0
9080,1
9081,0
9082,1
9083,0
9084,0
9085,1
9086,1
9087,1
9088,0
9089,0
9090,1
9091,0
9092,0
9093,1
9094,1
9095,0
9096,1
9097,0
9098,0
9099,0
9100,0
9101,1
9102,1
9103,1
9104,0
9105,1
9106,1
9107,0
9108,0
9109,1
9110,1
9111,0
9112,0
9113,0
9114,1
9115,0
9116,0
9117,0
9118,1
9119,0
9120,1
9121,0
9122,1
9123,0
9124,0
9125,1
9126,1
9127,0
9128,0
9129,0
9130,0
9131,0
9132,0
9133,1
9134,1
9135,1
9136,0
9137,0
9138,0
9139,1
9140,0
9141,0
9142,0
9143,1
9144,1
9145,0
9146,1
9147,0
9148,1
9149,0
9150,0
9151,0
9152,1
9153,0
9154,1
9155,1
9156,1
9157,1
9158,0
9159,0
9160,0
9161,0
9162,1
9163,1
9164,1
9165,1
9166,1
9167,1
9168,1
9169,1
9170,1
9171,0
9172,0
9173,1
9174,0
9175,0
9176,0
9177,1
9178,1
9179,1
9180,1
9181,1
9182,1
9183,1
9184,1
9185,0
9186,0
9187,1
9188,1
9189,1
9190,1
9191,0
9192,1
9193,1
9194,0
9195,1
9196,0
9197,1
9198,0
9199,0
9200,0
9201,0
9202,0
9203,1
9204,1
9205,1
9206,1
9207,0
9208,1
9209,1
9210,0
9211,1
9212,1
9213,0
9214,0
9215,1
9216,0
9217,0
9218,0
9219,1
9220,0
9221,1
9222,0
9223,1
9224,0
9225,0
9226,0
9227,1
9228,1
9229,0
9230,0
9231,1
9232,0
9233,1
9234,0
9235,1
9236,0
9237,1
9238,0
9239,0
9240,1
9241,1
9242,0
9243,0
9244,0
9245,0
9246,1
9247,0
9248,1
9249,0
9250,0
9251,1
9252,0
9253,0
9254,1
9255,0
9256,0
9257,0
9258,0
9259,1
9260,0
9261,1
9262,1
9263,1
9264,1
9265,0
9266,1
9267,0
9268,0
9269,0
9270,1
9271,0
9272,1
9273,0
9274,0
9275,0
9276,0
9277,0
9278,0
9279,0
9280,1
9281,1
9282,0
9283,1
9284,0
9285,0
9286,0
9287,1
9288,1
9289,0
9290,1
9291,0
9292,0
9293,0
9294,1
9295,1
9296,1
9297,1
9298,1
9299,0
9300,0
9301,1
9302,1
9303,1
9304,1
9305,1
9306,0
9307,0
9308,1
9309,1
9310,0
9311,1
9312,0
9313,0
9314,0
9315,0
9316,1
9317,0
9318,1
9319,1
9320,1
9321,0
9322,1
9323,0
9324,0
9325,1
9326,1
9327,0
9328,0
9329,0
9330,0
9331,1
9332,0
9333,0
9334,1
9335,0
9336,0
9337,0
9338,0
9339,0
9340,1
9341,0
9342,1
9343,1
9344,1
9345,0
9346,1
9347,0
9348,1
9349,0
9350,0
9351,1
9352,0
9353,1
9354,1
9355,1
9356,0
9357,0
9358,0
9359,1
9360,0
9361,0
9362,1
9363,0
9364,1
9365,0
9366,0
9367,0
9368,0
9369,0
9370,0
9371,0
9372,0
9373,0
9374,0
9375,1
9376,0
9377,0
9378,1
9379,0
9380,0
9381,0
9382,1
9383,0
9384,1
9385,0
9386,1
9387,1
9388,1
9389,0
9390,1
9391,1
9392,1
9393,0
9394,0
9395,0
9396,1
9397,1
9398,1
9399,0
9400,0
9401,0
9402,1
9403,1
9404,1
9405,0
9406,1
9407,0
9408,1
9409,0
9410,1
9411,1
9412,0
9413,1
9414,0
9415,0
9416,1
9417,1
9418,0
9419,1
9420,0
9421,1
9422,0
9423,1
9424,0
9425,0
9426,0
9427,1
9428,1
9429,0
9430,1
9431,1
9432,0
9433,0
9434,0
9435,0
9436,1
9437,0
9438,0
9439,1
9440,1
9441,1
9442,0
9443,1
9444,1
9445,1
9446,0
9447,1
9448,0
9449,0
9450,0
9451,0
9452,1
9453,1
9454,1
9455,0
9456,0
9457,0
9458,0
9459,0
9460,0
9461,0
9462,0
9463,1
9464,1
9465,0
9466,1
9467,1
9468,1
9469,0
9470,0
9471,1
9472,1
9473,1
9474,0
9475,0
9476,1
9477,0
9478,0
9479,0
9480,0
9481,1
9482,0
9483,1
9484,1
9485,0
9486,1
9487,0
9488,0
9489,0
9490,1
9491,0
9492,1
9493,0
9494,0
9495,0
9496,1
9497,0
